ISO-10303-21;
HEADER;
FILE_DESCRIPTION (( 'STEP AP203' ),
    '1' );
FILE_NAME ('SC1_Z97I-PLUS.STEP',
    '2017-03-14T23:10:27',
    ( '' ),
    ( '' ),
    'SwSTEP 2.0',
    'SolidWorks 2015',
    '' );
FILE_SCHEMA (( 'CONFIG_CONTROL_DESIGN' ));
ENDSEC;

DATA;
#1 = FACE_OUTER_BOUND ( 'NONE', #1320, .T. ) ;
#2 = ADVANCED_FACE ( 'NONE', ( #1343 ), #98, .F. ) ;
#3 = VECTOR ( 'NONE', #323, 39.37007874015748100 ) ;
#4 = AXIS2_PLACEMENT_3D ( 'NONE', #1093, #478, #641 ) ;
#5 = VECTOR ( 'NONE', #1360, 39.37007874015748100 ) ;
#6 = CARTESIAN_POINT ( 'NONE',  ( -3.425616739919469900, 0.8125000000000000000, 0.0000000000000000000 ) ) ;
#7 = DIRECTION ( 'NONE',  ( 0.0000000000000000000, 1.000000000000000000, 0.0000000000000000000 ) ) ;
#8 = VECTOR ( 'NONE', #1747, 39.37007874015748100 ) ;
#9 = ORIENTED_EDGE ( 'NONE', *, *, #852, .F. ) ;
#10 = ORIENTED_EDGE ( 'NONE', *, *, #1835, .F. ) ;
#11 = EDGE_CURVE ( 'NONE', #1085, #1266, #1218, .T. ) ;
#12 = CARTESIAN_POINT ( 'NONE',  ( 1.636315012992142700, 0.06250000000000000000, -2.050715941147914100 ) ) ;
#13 = ORIENTED_EDGE ( 'NONE', *, *, #337, .T. ) ;
#14 = ORIENTED_EDGE ( 'NONE', *, *, #1942, .F. ) ;
#15 = ORIENTED_EDGE ( 'NONE', *, *, #1279, .F. ) ;
#16 = AXIS2_PLACEMENT_3D ( 'NONE', #948, #335, #644 ) ;
#17 = VERTEX_POINT ( 'NONE', #410 ) ;
#18 = DIRECTION ( 'NONE',  ( 0.0000000000000000000, 1.000000000000000000, 0.0000000000000000000 ) ) ;
#19 = CARTESIAN_POINT ( 'NONE',  ( 3.031773917531622500, 0.3125000000000000000, 1.302656038087674400 ) ) ;
#20 = FACE_OUTER_BOUND ( 'NONE', #1151, .T. ) ;
#21 = DIRECTION ( 'NONE',  ( 0.0000000000000000000, 1.000000000000000000, 0.0000000000000000000 ) ) ;
#22 = PLANE ( 'NONE',  #475 ) ;
#23 = EDGE_CURVE ( 'NONE', #521, #887, #395, .T. ) ;
#24 = CIRCLE ( 'NONE', #368, 0.08000000000000023800 ) ;
#25 = LINE ( 'NONE', #2011, #665 ) ;
#26 = AXIS2_PLACEMENT_3D ( 'NONE', #1379, #578, #1200 ) ;
#27 = FACE_OUTER_BOUND ( 'NONE', #1744, .T. ) ;
#28 = EDGE_LOOP ( 'NONE', ( #329, #1889, #480, #1426 ) ) ;
#29 = VERTEX_POINT ( 'NONE', #1962 ) ;
#30 = DIRECTION ( 'NONE',  ( 0.0000000000000000000, 1.000000000000000000, 0.0000000000000000000 ) ) ;
#31 = PLANE ( 'NONE',  #1182 ) ;
#32 = EDGE_CURVE ( 'NONE', #1525, #1957, #946, .T. ) ;
#33 = ORIENTED_EDGE ( 'NONE', *, *, #717, .T. ) ;
#34 = ORIENTED_EDGE ( 'NONE', *, *, #363, .F. ) ;
#35 = DIRECTION ( 'NONE',  ( 1.000000000000000000, 0.0000000000000000000, 0.0000000000000000000 ) ) ;
#36 = DIRECTION ( 'NONE',  ( -0.0000000000000000000, -1.000000000000000000, -0.0000000000000000000 ) ) ;
#37 = CARTESIAN_POINT ( 'NONE',  ( -2.053371979235588500, 0.0000000000000000000, -3.023543307086613600 ) ) ;
#38 = ORIENTED_EDGE ( 'NONE', *, *, #1215, .F. ) ;
#39 = DIRECTION ( 'NONE',  ( 0.0000000000000000000, 1.000000000000000000, 0.0000000000000000000 ) ) ;
#40 = AXIS2_PLACEMENT_3D ( 'NONE', #1946, #1010, #713 ) ;
#41 = ORIENTED_EDGE ( 'NONE', *, *, #1035, .T. ) ;
#42 = CC_DESIGN_PERSON_AND_ORGANIZATION_ASSIGNMENT ( #533, #351, ( #1084 ) ) ;
#43 = CARTESIAN_POINT ( 'NONE',  ( -3.425616739919469900, 0.06250000000000000000, -0.8684373587251089700 ) ) ;
#44 = DIRECTION ( 'NONE',  ( 1.000000000000000000, 0.0000000000000000000, 0.0000000000000000000 ) ) ;
#45 = APPROVAL_DATE_TIME ( #1330, #394 ) ;
#46 = FACE_OUTER_BOUND ( 'NONE', #682, .T. ) ;
#47 = DIRECTION ( 'NONE',  ( -0.0000000000000000000, -1.000000000000000000, -0.0000000000000000000 ) ) ;
#48 = EDGE_CURVE ( 'NONE', #1085, #1059, #1779, .T. ) ;
#49 = LINE ( 'NONE', #632, #730 ) ;
#50 = AXIS2_PLACEMENT_3D ( 'NONE', #1156, #984, #72 ) ;
#51 = VECTOR ( 'NONE', #96, 39.37007874015748100 ) ;
#52 = CARTESIAN_POINT ( 'NONE',  ( -2.385211587387403100, 1.062500000000000000, 0.09028309174865362100 ) ) ;
#53 = CARTESIAN_POINT ( 'NONE',  ( 2.842609344343975100, 0.3125000000000000000, -2.738587116375727600 ) ) ;
#54 = FACE_OUTER_BOUND ( 'NONE', #1225, .T. ) ;
#55 = CARTESIAN_POINT ( 'NONE',  ( 3.289725608242054300, 0.3125000000000000000, -2.738587116375727600 ) ) ;
#56 = ORIENTED_EDGE ( 'NONE', *, *, #629, .T. ) ;
#57 = CARTESIAN_POINT ( 'NONE',  ( -3.503002247132598300, 0.06250000000000000000, 0.09028309174865362100 ) ) ;
#58 = ORIENTED_EDGE ( 'NONE', *, *, #1640, .F. ) ;
#59 = DIRECTION ( 'NONE',  ( 1.632680918566406500E-016, 0.0000000000000000000, 1.000000000000000000 ) ) ;
#60 = ORIENTED_EDGE ( 'NONE', *, *, #657, .T. ) ;
#61 = DIRECTION ( 'NONE',  ( -0.0000000000000000000, -0.0000000000000000000, -1.000000000000000000 ) ) ;
#62 = EDGE_CURVE ( 'NONE', #1032, #1251, #590, .T. ) ;
#63 = ORIENTED_EDGE ( 'NONE', *, *, #377, .T. ) ;
#64 = DIRECTION ( 'NONE',  ( -1.000000000000000000, -0.0000000000000000000, -0.0000000000000000000 ) ) ;
#65 = EDGE_LOOP ( 'NONE', ( #1317, #693, #820, #1672, #376 ) ) ;
#66 = DATE_AND_TIME ( #486, #1631 ) ;
#67 = DIRECTION ( 'NONE',  ( 0.0000000000000000000, 0.0000000000000000000, 1.000000000000000000 ) ) ;
#68 = CARTESIAN_POINT ( 'NONE',  ( -3.503002247132598300, 1.062500000000000000, 0.09028309174865362100 ) ) ;
#69 = VECTOR ( 'NONE', #1583, 39.37007874015748100 ) ;
#70 = EDGE_CURVE ( 'NONE', #1506, #1266, #1713, .T. ) ;
#71 = VECTOR ( 'NONE', #1960, 39.37007874015748100 ) ;
#72 = DIRECTION ( 'NONE',  ( 0.0000000000000000000, 0.0000000000000000000, 1.000000000000000000 ) ) ;
#73 = FACE_OUTER_BOUND ( 'NONE', #1121, .T. ) ;
#74 = PLANE ( 'NONE',  #698 ) ;
#75 = ORIENTED_EDGE ( 'NONE', *, *, #580, .T. ) ;
#76 = ORIENTED_EDGE ( 'NONE', *, *, #2001, .T. ) ;
#77 = DIRECTION ( 'NONE',  ( -1.000000000000000000, 0.0000000000000000000, -0.0000000000000000000 ) ) ;
#78 = ADVANCED_FACE ( 'NONE', ( #1614 ), #878, .F. ) ;
#79 = ORIENTED_EDGE ( 'NONE', *, *, #70, .T. ) ;
#80 = CARTESIAN_POINT ( 'NONE',  ( 1.636315012992142900, 0.0000000000000000000, 0.9020399643638965500 ) ) ;
#81 = VERTEX_POINT ( 'NONE', #228 ) ;
#82 = DIRECTION ( 'NONE',  ( -0.0000000000000000000, 1.000000000000000000, -0.0000000000000000000 ) ) ;
#83 = ORIENTED_EDGE ( 'NONE', *, *, #377, .F. ) ;
#84 = ORIENTED_EDGE ( 'NONE', *, *, #1450, .T. ) ;
#85 = DIRECTION ( 'NONE',  ( -1.000000000000000000, -0.0000000000000000000, -0.0000000000000000000 ) ) ;
#86 = EDGE_CURVE ( 'NONE', #285, #1674, #1290, .T. ) ;
#87 = CARTESIAN_POINT ( 'NONE',  ( -3.399821570848427800, 0.06250000000000000000, 0.9071301123316827300 ) ) ;
#88 = ADVANCED_FACE ( 'NONE', ( #471 ), #1968, .F. ) ;
#89 = FACE_BOUND ( 'NONE', #452, .T. ) ;
#90 = CARTESIAN_POINT ( 'NONE',  ( -3.503002247132598300, 0.06250000000000000000, 0.7781542669764662800 ) ) ;
#91 = FACE_OUTER_BOUND ( 'NONE', #65, .T. ) ;
#92 = DIRECTION ( 'NONE',  ( -0.0000000000000000000, -1.000000000000000000, -0.0000000000000000000 ) ) ;
#93 = LINE ( 'NONE', #762, #1313 ) ;
#94 = LINE ( 'NONE', #1176, #1145 ) ;
#95 = EDGE_CURVE ( 'NONE', #109, #1816, #1977, .T. ) ;
#96 = DIRECTION ( 'NONE',  ( 1.632680918566406500E-016, 0.0000000000000000000, 1.000000000000000000 ) ) ;
#97 = VECTOR ( 'NONE', #1596, 39.37007874015748100 ) ;
#98 = PLANE ( 'NONE',  #731 ) ;
#99 = ORIENTED_EDGE ( 'NONE', *, *, #129, .T. ) ;
#100 = AXIS2_PLACEMENT_3D ( 'NONE', #518, #39, #962 ) ;
#101 = CARTESIAN_POINT ( 'NONE',  ( -3.346456692913386100, 0.06250000000000000000, 0.0000000000000000000 ) ) ;
#102 = EDGE_LOOP ( 'NONE', ( #1838, #1535, #75, #766 ) ) ;
#103 = ORIENTED_EDGE ( 'NONE', *, *, #1245, .F. ) ;
#104 = DIRECTION ( 'NONE',  ( -0.0000000000000000000, 1.000000000000000000, -0.0000000000000000000 ) ) ;
#105 = ORIENTED_EDGE ( 'NONE', *, *, #225, .T. ) ;
#106 = CARTESIAN_POINT ( 'NONE',  ( 1.636315012992142700, 0.0000000000000000000, -2.050715941147914100 ) ) ;
#107 = VERTEX_POINT ( 'NONE', #1793 ) ;
#108 = CARTESIAN_POINT ( 'NONE',  ( -2.385211587387403100, 1.062500000000000000, 0.09028309174865362100 ) ) ;
#109 = VERTEX_POINT ( 'NONE', #389 ) ;
#110 = ORIENTED_EDGE ( 'NONE', *, *, #958, .T. ) ;
#111 = CARTESIAN_POINT ( 'NONE',  ( -3.346456692913386100, 0.06250000000000000000, -2.325864411239042500 ) ) ;
#112 = COORDINATED_UNIVERSAL_TIME_OFFSET ( 5, 0, .BEHIND. ) ;
#113 = CARTESIAN_POINT ( 'NONE',  ( 3.272528828861360300, 0.3125000000000000000, 1.302656038087674400 ) ) ;
#114 = FACE_OUTER_BOUND ( 'NONE', #1621, .T. ) ;
#115 = DIRECTION ( 'NONE',  ( 0.0000000000000000000, -0.0000000000000000000, 1.000000000000000000 ) ) ;
#116 = COORDINATED_UNIVERSAL_TIME_OFFSET ( 5, 0, .BEHIND. ) ;
#117 = CARTESIAN_POINT ( 'NONE',  ( -3.399821570848427800, 0.06250000000000000000, 1.698181963843665900 ) ) ;
#118 = CIRCLE ( 'NONE', #276, 0.08000000000000023800 ) ;
#119 = VECTOR ( 'NONE', #1305, 39.37007874015748100 ) ;
#120 = DIRECTION ( 'NONE',  ( 0.0000000000000000000, 0.0000000000000000000, 1.000000000000000000 ) ) ;
#121 = ADVANCED_FACE ( 'NONE', ( #1857 ), #1449, .F. ) ;
#122 = PLANE ( 'NONE',  #972 ) ;
#123 = CYLINDRICAL_SURFACE ( 'NONE', #674, 0.07933070866141743400 ) ;
#124 = EDGE_CURVE ( 'NONE', #982, #774, #418, .T. ) ;
#125 = LINE ( 'NONE', #1956, #1023 ) ;
#126 = CARTESIAN_POINT ( 'NONE',  ( -3.346456692913386100, 0.06250000000000000000, 0.9071301123316829500 ) ) ;
#127 = DIRECTION ( 'NONE',  ( 0.0000000000000000000, 0.0000000000000000000, 1.000000000000000000 ) ) ;
#128 = ORIENTED_EDGE ( 'NONE', *, *, #1567, .F. ) ;
#129 = EDGE_CURVE ( 'NONE', #1780, #253, #125, .T. ) ;
#130 = ORIENTED_EDGE ( 'NONE', *, *, #1276, .F. ) ;
#131 = DIRECTION ( 'NONE',  ( -0.0000000000000000000, 1.000000000000000000, -0.0000000000000000000 ) ) ;
#132 = ORIENTED_EDGE ( 'NONE', *, *, #821, .T. ) ;
#133 = VERTEX_POINT ( 'NONE', #273 ) ;
#134 = ORIENTED_EDGE ( 'NONE', *, *, #1381, .F. ) ;
#135 = ORIENTED_EDGE ( 'NONE', *, *, #1880, .T. ) ;
#136 = ADVANCED_FACE ( 'NONE', ( #1191 ), #1097, .F. ) ;
#137 = CARTESIAN_POINT ( 'NONE',  ( -2.468625111026256000, 0.8125000000000000000, -2.497832205045992500 ) ) ;
#138 = CIRCLE ( 'NONE', #181, 0.07933070866141717100 ) ;
#139 = AXIS2_PLACEMENT_3D ( 'NONE', #1039, #104, #1220 ) ;
#140 = LINE ( 'NONE', #1976, #1469 ) ;
#141 = DIRECTION ( 'NONE',  ( -1.000000000000000000, -0.0000000000000000000, -0.0000000000000000000 ) ) ;
#142 = PRODUCT_DEFINITION_FORMATION_WITH_SPECIFIED_SOURCE ( 'ANY', '', #246, .NOT_KNOWN. ) ;
#143 = VECTOR ( 'NONE', #254, 39.37007874015748100 ) ;
#144 = VECTOR ( 'NONE', #381, 39.37007874015748100 ) ;
#145 = VECTOR ( 'NONE', #47, 39.37007874015748100 ) ;
#146 = EDGE_CURVE ( 'NONE', #257, #795, #1000, .T. ) ;
#147 = ADVANCED_FACE ( 'NONE', ( #54 ), #122, .F. ) ;
#148 = DIRECTION ( 'NONE',  ( 0.0000000000000000000, 1.000000000000000000, 0.0000000000000000000 ) ) ;
#149 = ORIENTED_EDGE ( 'NONE', *, *, #1953, .T. ) ;
#150 = CARTESIAN_POINT ( 'NONE',  ( -2.385211587387403100, 0.06250000000000000000, 0.09028309174865362100 ) ) ;
#151 = VERTEX_POINT ( 'NONE', #1068 ) ;
#152 = AXIS2_PLACEMENT_3D ( 'NONE', #1769, #990, #214 ) ;
#153 = ORIENTED_EDGE ( 'NONE', *, *, #32, .T. ) ;
#154 = ORIENTED_EDGE ( 'NONE', *, *, #1035, .F. ) ;
#155 = AXIS2_PLACEMENT_3D ( 'NONE', #1349, #222, #873 ) ;
#156 = CARTESIAN_POINT ( 'NONE',  ( 1.636315012992142900, 0.06250000000000000000, 0.9020399643638965500 ) ) ;
#157 = DIRECTION ( 'NONE',  ( 0.0000000000000000000, 0.0000000000000000000, 1.000000000000000000 ) ) ;
#158 = EDGE_LOOP ( 'NONE', ( #149, #135, #1806, #232, #1353 ) ) ;
#159 = ADVANCED_FACE ( 'NONE', ( #1148 ), #1368, .F. ) ;
#160 = ORIENTED_EDGE ( 'NONE', *, *, #507, .F. ) ;
#161 = MANIFOLD_SOLID_BREP ( 'Main Mounting holes', #600 ) ;
#162 = EDGE_CURVE ( 'NONE', #1957, #1032, #272, .T. ) ;
#163 = DIRECTION ( 'NONE',  ( 0.0000000000000000000, 0.0000000000000000000, 1.000000000000000000 ) ) ;
#164 = DIRECTION ( 'NONE',  ( 0.0000000000000000000, 1.000000000000000000, 0.0000000000000000000 ) ) ;
#165 = EDGE_CURVE ( 'NONE', #834, #982, #1804, .T. ) ;
#166 = VECTOR ( 'NONE', #400, 39.37007874015748100 ) ;
#167 = LINE ( 'NONE', #43, #1729 ) ;
#168 = AXIS2_PLACEMENT_3D ( 'NONE', #274, #1515, #1047 ) ;
#169 = LINE ( 'NONE', #609, #1366 ) ;
#170 = LINE ( 'NONE', #1423, #1955 ) ;
#171 = DIRECTION ( 'NONE',  ( -1.000000000000000000, -0.0000000000000000000, -0.0000000000000000000 ) ) ;
#172 = CARTESIAN_POINT ( 'NONE',  ( -2.651761667788180800, 0.06250000000000000000, 0.0000000000000000000 ) ) ;
#173 = ORIENTED_EDGE ( 'NONE', *, *, #1901, .T. ) ;
#174 = VERTEX_POINT ( 'NONE', #111 ) ;
#175 = CARTESIAN_POINT ( 'NONE',  ( -2.651761667788180800, 0.8125000000000000000, -0.8684373587251089700 ) ) ;
#176 = CARTESIAN_POINT ( 'NONE',  ( -1.316440892519668000, 0.0000000000000000000, 0.9020399643638970000 ) ) ;
#177 = ORIENTED_EDGE ( 'NONE', *, *, #1925, .T. ) ;
#178 = CARTESIAN_POINT ( 'NONE',  ( -2.385211587387403100, 1.062500000000000000, 0.7781542669764662800 ) ) ;
#179 = ORIENTED_EDGE ( 'NONE', *, *, #934, .F. ) ;
#180 = VERTEX_POINT ( 'NONE', #447 ) ;
#181 = AXIS2_PLACEMENT_3D ( 'NONE', #442, #431, #1538 ) ;
#182 = ORIENTED_EDGE ( 'NONE', *, *, #893, .T. ) ;
#183 = SECURITY_CLASSIFICATION_LEVEL ( 'unclassified' ) ;
#184 = CARTESIAN_POINT ( 'NONE',  ( -2.570918517413951500, 0.8125000000000000000, -1.087696295828978900 ) ) ;
#185 = DIRECTION ( 'NONE',  ( 0.0000000000000000000, 0.0000000000000000000, 1.000000000000000000 ) ) ;
#186 = ORIENTED_EDGE ( 'NONE', *, *, #1753, .F. ) ;
#187 = DIRECTION ( 'NONE',  ( 0.0000000000000000000, 0.0000000000000000000, -1.000000000000000000 ) ) ;
#188 = EDGE_CURVE ( 'NONE', #1941, #1054, #1884, .T. ) ;
#189 = VECTOR ( 'NONE', #1455, 39.37007874015748100 ) ;
#190 = PERSON_AND_ORGANIZATION_ROLE ( 'design_owner' ) ;
#191 = PLANE ( 'NONE',  #1496 ) ;
#192 = EDGE_CURVE ( 'NONE', #1674, #1085, #1666, .T. ) ;
#193 = CARTESIAN_POINT ( 'NONE',  ( 0.0000000000000000000, 0.8125000000000000000, 0.0000000000000000000 ) ) ;
#194 = DIRECTION ( 'NONE',  ( -0.0000000000000000000, -0.0000000000000000000, -1.000000000000000000 ) ) ;
#195 = CYLINDRICAL_SURFACE ( 'NONE', #1760, 0.08000000000000023800 ) ;
#196 = AXIS2_PLACEMENT_3D ( 'NONE', #1127, #515, #841 ) ;
#197 = LINE ( 'NONE', #1613, #1316 ) ;
#198 = VECTOR ( 'NONE', #1045, 39.37007874015748100 ) ;
#199 = PLANE ( 'NONE',  #589 ) ;
#200 = CARTESIAN_POINT ( 'NONE',  ( 1.636315012992142900, 0.0000000000000000000, 0.9020399643638965500 ) ) ;
#201 = EDGE_LOOP ( 'NONE', ( #1244, #1157 ) ) ;
#202 = VERTEX_POINT ( 'NONE', #292 ) ;
#203 = EDGE_LOOP ( 'NONE', ( #597, #204, #658, #1325, #1026 ) ) ;
#204 = ORIENTED_EDGE ( 'NONE', *, *, #95, .T. ) ;
#205 = ORIENTED_EDGE ( 'NONE', *, *, #32, .F. ) ;
#206 = AXIS2_PLACEMENT_3D ( 'NONE', #1437, #819, #661 ) ;
#207 = ORIENTED_EDGE ( 'NONE', *, *, #1700, .F. ) ;
#208 = APPLICATION_CONTEXT ( 'configuration controlled 3d designs of mechanical parts and assemblies' ) ;
#209 = CARTESIAN_POINT ( 'NONE',  ( 0.0000000000000000000, 0.8125000000000000000, 0.0000000000000000000 ) ) ;
#210 = LINE ( 'NONE', #1372, #940 ) ;
#211 = LINE ( 'NONE', #1570, #386 ) ;
#212 = FACE_BOUND ( 'NONE', #322, .T. ) ;
#213 = EDGE_CURVE ( 'NONE', #1867, #1346, #712, .T. ) ;
#214 = DIRECTION ( 'NONE',  ( 0.0000000000000000000, 0.0000000000000000000, 1.000000000000000000 ) ) ;
#215 = VECTOR ( 'NONE', #1073, 39.37007874015748100 ) ;
#216 = CARTESIAN_POINT ( 'NONE',  ( -3.425616739919469900, 0.8125000000000000000, -0.8684373587251089700 ) ) ;
#217 = LINE ( 'NONE', #117, #1115 ) ;
#218 = CARTESIAN_POINT ( 'NONE',  ( -2.385211587387403100, 1.062500000000000000, 0.09028309174865362100 ) ) ;
#219 = ORIENTED_EDGE ( 'NONE', *, *, #969, .T. ) ;
#220 = CARTESIAN_POINT ( 'NONE',  ( -2.468625111026256000, 0.8125000000000000000, -2.497832205045992500 ) ) ;
#221 = EDGE_LOOP ( 'NONE', ( #1581, #1011, #1246, #1263 ) ) ;
#222 = DIRECTION ( 'NONE',  ( 0.0000000000000000000, 0.0000000000000000000, 1.000000000000000000 ) ) ;
#223 = VERTEX_POINT ( 'NONE', #1521 ) ;
#224 = DIRECTION ( 'NONE',  ( 0.0000000000000000000, 0.0000000000000000000, 1.000000000000000000 ) ) ;
#225 = EDGE_CURVE ( 'NONE', #1626, #17, #1400, .T. ) ;
#226 = VERTEX_POINT ( 'NONE', #1688 ) ;
#227 = CARTESIAN_POINT ( 'NONE',  ( -3.346456692913385700, 0.06250000000000000000, 3.346456692913386500 ) ) ;
#228 = CARTESIAN_POINT ( 'NONE',  ( -1.316440892519668000, 0.06250000000000000000, -2.130046649809331300 ) ) ;
#229 = EDGE_CURVE ( 'NONE', #1304, #1740, #170, .T. ) ;
#230 = ORIENTED_EDGE ( 'NONE', *, *, #1240, .F. ) ;
#231 = CARTESIAN_POINT ( 'NONE',  ( -3.399821570848427800, 1.062500000000000000, 0.9071301123316827300 ) ) ;
#232 = ORIENTED_EDGE ( 'NONE', *, *, #401, .F. ) ;
#233 = CARTESIAN_POINT ( 'NONE',  ( -2.570918517413951500, 0.8125000000000000000, -2.325864411239042500 ) ) ;
#234 = AXIS2_PLACEMENT_3D ( 'NONE', #1356, #696, #1194 ) ;
#235 = ORIENTED_EDGE ( 'NONE', *, *, #1164, .T. ) ;
#236 = DIRECTION ( 'NONE',  ( 1.000000000000000000, 0.0000000000000000000, 0.0000000000000000000 ) ) ;
#237 = DIRECTION ( 'NONE',  ( 0.0000000000000000000, 0.0000000000000000000, 1.000000000000000000 ) ) ;
#238 = LOCAL_TIME ( 19, 10, 27.00000000000000000, #864 ) ;
#239 = LINE ( 'NONE', #912, #1465 ) ;
#240 = EDGE_CURVE ( 'NONE', #1695, #834, #1424, .T. ) ;
#241 = DIRECTION ( 'NONE',  ( -0.0000000000000000000, -1.000000000000000000, -0.0000000000000000000 ) ) ;
#242 = VECTOR ( 'NONE', #1944, 39.37007874015748100 ) ;
#243 = CARTESIAN_POINT ( 'NONE',  ( -2.953371979235588400, 0.0000000000000000000, 3.016456692913386500 ) ) ;
#244 = ADVANCED_FACE ( 'NONE', ( #560 ), #952, .F. ) ;
#245 = CYLINDRICAL_SURFACE ( 'NONE', #497, 0.08000000000000023800 ) ;
#246 = PRODUCT ( 'SC1_Z97I-PLUS', 'SC1_Z97I-PLUS', '', ( #976 ) ) ;
#247 = VECTOR ( 'NONE', #236, 39.37007874015748100 ) ;
#248 = CARTESIAN_POINT ( 'NONE',  ( 1.636315012992142700, 0.0000000000000000000, -1.971385232486496700 ) ) ;
#249 = ORIENTED_EDGE ( 'NONE', *, *, #889, .T. ) ;
#250 = CC_DESIGN_PERSON_AND_ORGANIZATION_ASSIGNMENT ( #1541, #1896, ( #142 ) ) ;
#251 = ORIENTED_EDGE ( 'NONE', *, *, #1839, .T. ) ;
#252 = CARTESIAN_POINT ( 'NONE',  ( 3.146628020764411300, 0.0000000000000000000, 3.176456692913387100 ) ) ;
#253 = VERTEX_POINT ( 'NONE', #918 ) ;
#254 = DIRECTION ( 'NONE',  ( -0.0000000000000000000, -1.000000000000000000, -0.0000000000000000000 ) ) ;
#255 = ORIENTED_EDGE ( 'NONE', *, *, #908, .T. ) ;
#256 = EDGE_CURVE ( 'NONE', #719, #1059, #733, .T. ) ;
#257 = VERTEX_POINT ( 'NONE', #1887 ) ;
#258 = AXIS2_PLACEMENT_3D ( 'NONE', #415, #859, #1954 ) ;
#259 = ORIENTED_EDGE ( 'NONE', *, *, #942, .T. ) ;
#260 = CARTESIAN_POINT ( 'NONE',  ( 3.146628020764411300, 0.0000000000000000000, 3.096456692913387000 ) ) ;
#261 = ORIENTED_EDGE ( 'NONE', *, *, #958, .F. ) ;
#262 = PLANE ( 'NONE',  #1029 ) ;
#263 = DIRECTION ( 'NONE',  ( -1.000000000000000000, -0.0000000000000000000, -0.0000000000000000000 ) ) ;
#264 = LINE ( 'NONE', #1706, #1162 ) ;
#265 = CYLINDRICAL_SURFACE ( 'NONE', #662, 0.08000000000000023800 ) ;
#266 = DIRECTION ( 'NONE',  ( 1.000000000000000000, 0.0000000000000000000, 0.0000000000000000000 ) ) ;
#267 = FACE_OUTER_BOUND ( 'NONE', #1701, .T. ) ;
#268 = PLANE ( 'NONE',  #1235 ) ;
#269 = DIRECTION ( 'NONE',  ( 0.0000000000000000000, 0.0000000000000000000, -1.000000000000000000 ) ) ;
#270 = VECTOR ( 'NONE', #1524, 39.37007874015748100 ) ;
#271 = EDGE_CURVE ( 'NONE', #520, #880, #1120, .T. ) ;
#272 = LINE ( 'NONE', #286, #198 ) ;
#273 = CARTESIAN_POINT ( 'NONE',  ( 3.031773917531622500, 0.3125000000000000000, 2.196888565883830400 ) ) ;
#274 = CARTESIAN_POINT ( 'NONE',  ( -2.953371979235588400, 0.0000000000000000000, 3.096456692913387000 ) ) ;
#275 = VERTEX_POINT ( 'NONE', #666 ) ;
#276 = AXIS2_PLACEMENT_3D ( 'NONE', #448, #606, #1675 ) ;
#277 = CARTESIAN_POINT ( 'NONE',  ( -1.316440892519668000, 0.0000000000000000000, 0.9813706730253141100 ) ) ;
#278 = ORIENTED_EDGE ( 'NONE', *, *, #1109, .F. ) ;
#279 = EDGE_LOOP ( 'NONE', ( #1984, #1592 ) ) ;
#280 = VERTEX_POINT ( 'NONE', #1285 ) ;
#281 = CARTESIAN_POINT ( 'NONE',  ( 0.0000000000000000000, 0.06250000000000000000, 0.0000000000000000000 ) ) ;
#282 = ORIENTED_EDGE ( 'NONE', *, *, #1038, .T. ) ;
#283 = DIRECTION ( 'NONE',  ( -1.000000000000000000, 0.0000000000000000000, 0.0000000000000000000 ) ) ;
#284 = EDGE_CURVE ( 'NONE', #676, #1603, #1755, .T. ) ;
#285 = VERTEX_POINT ( 'NONE', #172 ) ;
#286 = CARTESIAN_POINT ( 'NONE',  ( -2.651761667788180800, 0.8125000000000000000, -0.8684373587251089700 ) ) ;
#287 = LINE ( 'NONE', #1258, #752 ) ;
#288 = CARTESIAN_POINT ( 'NONE',  ( -3.346456692913386500, 0.06250000000000000000, -3.346456692913385700 ) ) ;
#289 = CARTESIAN_POINT ( 'NONE',  ( -2.053371979235588500, 0.0000000000000000000, -3.023543307086613600 ) ) ;
#290 = VECTOR ( 'NONE', #511, 39.37007874015748100 ) ;
#291 = FACE_OUTER_BOUND ( 'NONE', #474, .T. ) ;
#292 = CARTESIAN_POINT ( 'NONE',  ( 1.636315012992142700, 0.06250000000000000000, -2.130046649809331300 ) ) ;
#293 = LINE ( 'NONE', #617, #1731 ) ;
#294 = EDGE_CURVE ( 'NONE', #1525, #285, #830, .T. ) ;
#295 = ADVANCED_FACE ( 'NONE', ( #370 ), #673, .F. ) ;
#296 = CARTESIAN_POINT ( 'NONE',  ( -2.953371979235588400, 0.06250000000000000000, 3.096456692913387000 ) ) ;
#297 = VECTOR ( 'NONE', #1682, 39.37007874015748100 ) ;
#298 = EDGE_CURVE ( 'NONE', #151, #982, #692, .T. ) ;
#299 = VERTEX_POINT ( 'NONE', #340 ) ;
#300 = ORIENTED_EDGE ( 'NONE', *, *, #271, .F. ) ;
#301 = AXIS2_PLACEMENT_3D ( 'NONE', #1452, #1611, #1625 ) ;
#302 = CARTESIAN_POINT ( 'NONE',  ( -2.053371979235588500, 0.06250000000000000000, -3.023543307086613600 ) ) ;
#303 = ORIENTED_EDGE ( 'NONE', *, *, #1202, .T. ) ;
#304 = DIRECTION ( 'NONE',  ( -0.0000000000000000000, -1.000000000000000000, -0.0000000000000000000 ) ) ;
#305 = VERTEX_POINT ( 'NONE', #1604 ) ;
#306 = ADVANCED_FACE ( 'NONE', ( #1549 ), #1585, .F. ) ;
#307 = ORIENTED_EDGE ( 'NONE', *, *, #483, .F. ) ;
#308 = ORIENTED_EDGE ( 'NONE', *, *, #1700, .T. ) ;
#309 = CARTESIAN_POINT ( 'NONE',  ( -2.053371979235588500, 0.06250000000000000000, -3.103543307086613600 ) ) ;
#310 = DIRECTION ( 'NONE',  ( -0.0000000000000000000, 1.000000000000000000, -0.0000000000000000000 ) ) ;
#311 = CARTESIAN_POINT ( 'NONE',  ( 3.272528828861360300, 0.06250000000000000000, 1.302656038087674400 ) ) ;
#312 = ADVANCED_BREP_SHAPE_REPRESENTATION ( 'SC1_Z97I-PLUS', ( #161, #500 ), #914 ) ;
#313 = VECTOR ( 'NONE', #1389, 39.37007874015748100 ) ;
#314 = AXIS2_PLACEMENT_3D ( 'NONE', #755, #1545, #913 ) ;
#315 = FACE_OUTER_BOUND ( 'NONE', #937, .T. ) ;
#316 = ADVANCED_FACE ( 'NONE', ( #1049 ), #31, .F. ) ;
#317 = CARTESIAN_POINT ( 'NONE',  ( 3.146628020764411300, 0.06250000000000000000, -3.023543307086613600 ) ) ;
#318 = VECTOR ( 'NONE', #798, 39.37007874015748100 ) ;
#319 = LINE ( 'NONE', #504, #1735 ) ;
#320 = LINE ( 'NONE', #1154, #1500 ) ;
#321 = DIRECTION ( 'NONE',  ( 1.000000000000000000, 0.0000000000000000000, 0.0000000000000000000 ) ) ;
#322 = EDGE_LOOP ( 'NONE', ( #648, #910 ) ) ;
#323 = DIRECTION ( 'NONE',  ( -0.0000000000000000000, -0.0000000000000000000, -1.000000000000000000 ) ) ;
#324 = ORIENTED_EDGE ( 'NONE', *, *, #11, .F. ) ;
#325 = ORIENTED_EDGE ( 'NONE', *, *, #756, .T. ) ;
#326 = ORIENTED_EDGE ( 'NONE', *, *, #1253, .F. ) ;
#327 = DIRECTION ( 'NONE',  ( 0.0000000000000000000, 1.000000000000000000, 0.0000000000000000000 ) ) ;
#328 = CARTESIAN_POINT ( 'NONE',  ( -3.380054418203108000, 0.8125000000000000000, -3.237293718415891400 ) ) ;
#329 = ORIENTED_EDGE ( 'NONE', *, *, #1454, .F. ) ;
#330 = ORIENTED_EDGE ( 'NONE', *, *, #1770, .F. ) ;
#331 = DIRECTION ( 'NONE',  ( 0.0000000000000000000, -0.0000000000000000000, 1.000000000000000000 ) ) ;
#332 = EDGE_CURVE ( 'NONE', #1561, #837, #320, .T. ) ;
#333 = ORIENTED_EDGE ( 'NONE', *, *, #1567, .T. ) ;
#334 = SHAPE_DEFINITION_REPRESENTATION ( #367, #312 ) ;
#335 = DIRECTION ( 'NONE',  ( -0.0000000000000000000, 1.000000000000000000, -0.0000000000000000000 ) ) ;
#336 = CARTESIAN_POINT ( 'NONE',  ( -3.353371979235588700, 0.8125000000000000000, -2.325864411239042500 ) ) ;
#337 = EDGE_CURVE ( 'NONE', #702, #1695, #1928, .T. ) ;
#338 = CARTESIAN_POINT ( 'NONE',  ( 2.842609344343975100, 0.3125000000000000000, -0.8125478257378514500 ) ) ;
#339 = LINE ( 'NONE', #996, #1919 ) ;
#340 = CARTESIAN_POINT ( 'NONE',  ( 3.289725608242054300, 0.3125000000000000000, -0.8125478257378514500 ) ) ;
#341 = LINE ( 'NONE', #1312, #1900 ) ;
#342 = AXIS2_PLACEMENT_3D ( 'NONE', #209, #881, #528 ) ;
#343 = CYLINDRICAL_SURFACE ( 'NONE', #40, 0.07933070866141717100 ) ;
#344 = CARTESIAN_POINT ( 'NONE',  ( -3.346456692913385700, 0.06250000000000000000, 3.346456692913386500 ) ) ;
#345 = CIRCLE ( 'NONE', #258, 0.08000000000000023800 ) ;
#346 = CARTESIAN_POINT ( 'NONE',  ( -3.380054418203108000, 0.8125000000000000000, -3.237293718415891400 ) ) ;
#347 = CARTESIAN_POINT ( 'NONE',  ( 0.0000000000000000000, 0.3125000000000000000, 0.0000000000000000000 ) ) ;
#348 = DIRECTION ( 'NONE',  ( -0.0000000000000000000, -1.000000000000000000, -0.0000000000000000000 ) ) ;
#349 = EDGE_LOOP ( 'NONE', ( #303, #1617, #1168, #1720 ) ) ;
#350 = VERTEX_POINT ( 'NONE', #506 ) ;
#351 = PERSON_AND_ORGANIZATION_ROLE ( 'creator' ) ;
#352 = EDGE_LOOP ( 'NONE', ( #63, #1037, #1248, #1434 ) ) ;
#353 = DIRECTION ( 'NONE',  ( 1.000000000000000000, 0.0000000000000000000, -0.0000000000000000000 ) ) ;
#354 = ORIENTED_EDGE ( 'NONE', *, *, #1966, .T. ) ;
#355 = PLANE ( 'NONE',  #636 ) ;
#356 = ORIENTED_EDGE ( 'NONE', *, *, #1079, .T. ) ;
#357 = ORIENTED_EDGE ( 'NONE', *, *, #1205, .F. ) ;
#358 = EDGE_LOOP ( 'NONE', ( #1715, #736, #603, #1909 ) ) ;
#359 = EDGE_CURVE ( 'NONE', #887, #1808, #1831, .T. ) ;
#360 = APPROVAL_DATE_TIME ( #554, #1288 ) ;
#361 = CIRCLE ( 'NONE', #1704, 0.07933070866141757300 ) ;
#362 = CARTESIAN_POINT ( 'NONE',  ( 2.842609344343975100, 0.06250000000000000000, -2.738587116375727600 ) ) ;
#363 = EDGE_CURVE ( 'NONE', #174, #1348, #929, .T. ) ;
#364 = FACE_OUTER_BOUND ( 'NONE', #570, .T. ) ;
#365 = DIRECTION ( 'NONE',  ( 0.0000000000000000000, -0.0000000000000000000, 1.000000000000000000 ) ) ;
#366 = FACE_OUTER_BOUND ( 'NONE', #1579, .T. ) ;
#367 = PRODUCT_DEFINITION_SHAPE ( 'NONE', 'NONE',  #1084 ) ;
#368 = AXIS2_PLACEMENT_3D ( 'NONE', #1150, #1937, #67 ) ;
#369 = VECTOR ( 'NONE', #1875, 39.37007874015748100 ) ;
#370 = FACE_OUTER_BOUND ( 'NONE', #1537, .T. ) ;
#371 = DIRECTION ( 'NONE',  ( -0.0000000000000000000, -1.000000000000000000, -0.0000000000000000000 ) ) ;
#372 = ORIENTED_EDGE ( 'NONE', *, *, #1063, .T. ) ;
#373 = DIRECTION ( 'NONE',  ( -1.632680918566406500E-016, 0.0000000000000000000, -1.000000000000000000 ) ) ;
#374 = ORIENTED_EDGE ( 'NONE', *, *, #1767, .F. ) ;
#375 = CARTESIAN_POINT ( 'NONE',  ( -2.468625111026256000, 0.8125000000000000000, -3.237293718415891400 ) ) ;
#376 = ORIENTED_EDGE ( 'NONE', *, *, #271, .T. ) ;
#377 = EDGE_CURVE ( 'NONE', #1054, #883, #94, .T. ) ;
#378 = CARTESIAN_POINT ( 'NONE',  ( 3.146628020764411300, 0.0000000000000000000, -3.183543307086613700 ) ) ;
#379 = EDGE_LOOP ( 'NONE', ( #794, #630, #502, #1504 ) ) ;
#380 = CARTESIAN_POINT ( 'NONE',  ( -2.953371979235588400, 0.0000000000000000000, 3.176456692913387100 ) ) ;
#381 = DIRECTION ( 'NONE',  ( -0.0000000000000000000, -0.0000000000000000000, -1.000000000000000000 ) ) ;
#382 = ORIENTED_EDGE ( 'NONE', *, *, #1454, .T. ) ;
#383 = EDGE_LOOP ( 'NONE', ( #33, #1624, #1483, #1940 ) ) ;
#384 = CARTESIAN_POINT ( 'NONE',  ( 3.289725608242054300, 0.3125000000000000000, -0.8125478257378514500 ) ) ;
#385 = DIRECTION ( 'NONE',  ( -0.0000000000000000000, 1.000000000000000000, -0.0000000000000000000 ) ) ;
#386 = VECTOR ( 'NONE', #163, 39.37007874015748100 ) ;
#387 = CIRCLE ( 'NONE', #1664, 0.08000000000000023800 ) ;
#388 = EDGE_CURVE ( 'NONE', #1885, #961, #1905, .T. ) ;
#389 = CARTESIAN_POINT ( 'NONE',  ( -3.346456692913385700, 0.06250000000000000000, 1.698181963843665900 ) ) ;
#390 = VECTOR ( 'NONE', #1144, 39.37007874015748100 ) ;
#391 = DIRECTION ( 'NONE',  ( 1.000000000000000000, 0.0000000000000000000, -0.0000000000000000000 ) ) ;
#392 = LINE ( 'NONE', #1224, #1799 ) ;
#393 = LINE ( 'NONE', #1140, #1754 ) ;
#394 = APPROVAL ( #956, 'UNSPECIFIED' ) ;
#395 = LINE ( 'NONE', #1787, #2000 ) ;
#396 = DIRECTION ( 'NONE',  ( -1.000000000000000000, 0.0000000000000000000, 1.632680918566406500E-016 ) ) ;
#397 = ORIENTED_EDGE ( 'NONE', *, *, #580, .F. ) ;
#398 = EDGE_LOOP ( 'NONE', ( #134, #651 ) ) ;
#399 = DIRECTION ( 'NONE',  ( 0.0000000000000000000, 1.000000000000000000, 0.0000000000000000000 ) ) ;
#400 = DIRECTION ( 'NONE',  ( -0.0000000000000000000, -1.000000000000000000, -0.0000000000000000000 ) ) ;
#401 = EDGE_CURVE ( 'NONE', #180, #275, #829, .T. ) ;
#402 = ORIENTED_EDGE ( 'NONE', *, *, #62, .F. ) ;
#403 = EDGE_CURVE ( 'NONE', #1626, #653, #760, .T. ) ;
#404 = ORIENTED_EDGE ( 'NONE', *, *, #1734, .F. ) ;
#405 = DIRECTION ( 'NONE',  ( 0.0000000000000000000, 0.0000000000000000000, 1.000000000000000000 ) ) ;
#406 = PERSON ( 'UNSPECIFIED', 'UNSPECIFIED', 'UNSPECIFIED', ('UNSPECIFIED'), ('UNSPECIFIED'), ('UNSPECIFIED') ) ;
#407 = ORIENTED_EDGE ( 'NONE', *, *, #1286, .F. ) ;
#408 = AXIS2_PLACEMENT_3D ( 'NONE', #176, #957, #1254 ) ;
#409 = ORIENTED_EDGE ( 'NONE', *, *, #1490, .F. ) ;
#410 = CARTESIAN_POINT ( 'NONE',  ( -3.380054418203108000, 0.8125000000000000000, -3.237293718415891400 ) ) ;
#411 = COORDINATED_UNIVERSAL_TIME_OFFSET ( 5, 0, .BEHIND. ) ;
#412 = CARTESIAN_POINT ( 'NONE',  ( 3.272528828861360300, 0.3125000000000000000, 1.302656038087674400 ) ) ;
#413 = FACE_BOUND ( 'NONE', #748, .T. ) ;
#414 = LINE ( 'NONE', #1618, #390 ) ;
#415 = CARTESIAN_POINT ( 'NONE',  ( -2.953371979235588400, 0.06250000000000000000, 3.096456692913387000 ) ) ;
#416 = VECTOR ( 'NONE', #1044, 39.37007874015748100 ) ;
#417 = AXIS2_PLACEMENT_3D ( 'NONE', #1415, #18, #485 ) ;
#418 = LINE ( 'NONE', #765, #622 ) ;
#419 = CARTESIAN_POINT ( 'NONE',  ( 3.031773917531622500, 0.3125000000000000000, 1.302656038087674400 ) ) ;
#420 = CARTESIAN_POINT ( 'NONE',  ( -3.346456692913386500, 0.06250000000000000000, -3.346456692913385700 ) ) ;
#421 = CARTESIAN_POINT ( 'NONE',  ( -2.385211587387403100, 0.06250000000000000000, 0.09028309174865362100 ) ) ;
#422 = ORIENTED_EDGE ( 'NONE', *, *, #1677, .F. ) ;
#423 = EDGE_LOOP ( 'NONE', ( #930, #628, #1034, #1979 ) ) ;
#424 = DIRECTION ( 'NONE',  ( 0.0000000000000000000, 0.0000000000000000000, 1.000000000000000000 ) ) ;
#425 = EDGE_LOOP ( 'NONE', ( #768, #1512, #278, #308 ) ) ;
#426 = VERTEX_POINT ( 'NONE', #573 ) ;
#427 = VERTEX_POINT ( 'NONE', #243 ) ;
#428 = ADVANCED_FACE ( 'NONE', ( #810 ), #726, .F. ) ;
#429 = ORIENTED_EDGE ( 'NONE', *, *, #773, .T. ) ;
#430 = CARTESIAN_POINT ( 'NONE',  ( 3.146628020764411300, 0.0000000000000000000, -3.103543307086613600 ) ) ;
#431 = DIRECTION ( 'NONE',  ( 0.0000000000000000000, 1.000000000000000000, 0.0000000000000000000 ) ) ;
#432 = CARTESIAN_POINT ( 'NONE',  ( 1.636315012992142700, 0.0000000000000000000, -2.130046649809331300 ) ) ;
#433 = CC_DESIGN_APPROVAL ( #1288, ( #142 ) ) ;
#434 = CIRCLE ( 'NONE', #1196, 0.07933070866141743400 ) ;
#435 = CARTESIAN_POINT ( 'NONE',  ( -3.380054418203108000, 0.8125000000000000000, -3.237293718415891400 ) ) ;
#436 = CYLINDRICAL_SURFACE ( 'NONE', #1623, 0.07933070866141717100 ) ;
#437 = FACE_OUTER_BOUND ( 'NONE', #697, .T. ) ;
#438 = PLANE ( 'NONE',  #26 ) ;
#439 = VECTOR ( 'NONE', #986, 39.37007874015748100 ) ;
#440 = EDGE_CURVE ( 'NONE', #253, #883, #667, .T. ) ;
#441 = ADVANCED_FACE ( 'NONE', ( #1339 ), #1699, .F. ) ;
#442 = CARTESIAN_POINT ( 'NONE',  ( -1.316440892519668000, 0.0000000000000000000, -2.050715941147914100 ) ) ;
#443 = PLANE ( 'NONE',  #449 ) ;
#444 = VECTOR ( 'NONE', #263, 39.37007874015748100 ) ;
#445 = EDGE_CURVE ( 'NONE', #1668, #1768, #1216, .T. ) ;
#446 = VECTOR ( 'NONE', #304, 39.37007874015748100 ) ;
#447 = CARTESIAN_POINT ( 'NONE',  ( -3.353371979235588700, 0.8125000000000000000, -1.087696295828978900 ) ) ;
#448 = CARTESIAN_POINT ( 'NONE',  ( -2.953371979235588400, 0.0000000000000000000, 3.096456692913387000 ) ) ;
#449 = AXIS2_PLACEMENT_3D ( 'NONE', #1553, #283, #1539 ) ;
#450 = VERTEX_POINT ( 'NONE', #1717 ) ;
#451 = CARTESIAN_POINT ( 'NONE',  ( -2.651761667788180800, 0.06250000000000000000, -0.8684373587251089700 ) ) ;
#452 = EDGE_LOOP ( 'NONE', ( #1007, #1943 ) ) ;
#453 = ADVANCED_FACE ( 'NONE', ( #711 ), #928, .F. ) ;
#454 = ORIENTED_EDGE ( 'NONE', *, *, #1067, .T. ) ;
#455 = DIRECTION ( 'NONE',  ( 0.0000000000000000000, 0.0000000000000000000, -1.000000000000000000 ) ) ;
#456 = DIRECTION ( 'NONE',  ( 0.0000000000000000000, 0.0000000000000000000, 1.000000000000000000 ) ) ;
#457 = EDGE_LOOP ( 'NONE', ( #330, #700, #1868, #839 ) ) ;
#458 = CARTESIAN_POINT ( 'NONE',  ( -2.053371979235588500, 0.0000000000000000000, -3.103543307086613600 ) ) ;
#459 = ADVANCED_FACE ( 'NONE', ( #27 ), #525, .F. ) ;
#460 = CARTESIAN_POINT ( 'NONE',  ( -2.299227690483926200, 1.062500000000000000, 1.698181963843665900 ) ) ;
#461 = APPROVAL_PERSON_ORGANIZATION ( #966, #394, #1289 ) ;
#462 = CARTESIAN_POINT ( 'NONE',  ( -3.425616739919469900, 0.06250000000000000000, 0.0000000000000000000 ) ) ;
#463 = FACE_BOUND ( 'NONE', #1463, .T. ) ;
#464 = CC_DESIGN_SECURITY_CLASSIFICATION ( #975, ( #142 ) ) ;
#465 = FACE_BOUND ( 'NONE', #398, .T. ) ;
#466 = LINE ( 'NONE', #344, #787 ) ;
#467 = EDGE_CURVE ( 'NONE', #876, #653, #468, .T. ) ;
#468 = LINE ( 'NONE', #1005, #1926 ) ;
#469 = DIRECTION ( 'NONE',  ( 0.0000000000000000000, -0.0000000000000000000, 1.000000000000000000 ) ) ;
#470 = DIRECTION ( 'NONE',  ( 0.0000000000000000000, 1.000000000000000000, 0.0000000000000000000 ) ) ;
#471 = FACE_OUTER_BOUND ( 'NONE', #1083, .T. ) ;
#472 = ADVANCED_FACE ( 'NONE', ( #971 ), #1075, .F. ) ;
#473 = VECTOR ( 'NONE', #715, 39.37007874015748100 ) ;
#474 = EDGE_LOOP ( 'NONE', ( #800, #647, #1102, #574, #1534 ) ) ;
#475 = AXIS2_PLACEMENT_3D ( 'NONE', #1733, #1427, #1438 ) ;
#476 = EDGE_LOOP ( 'NONE', ( #179, #523 ) ) ;
#477 = ORIENTED_EDGE ( 'NONE', *, *, #629, .F. ) ;
#478 = DIRECTION ( 'NONE',  ( 0.0000000000000000000, 0.0000000000000000000, 1.000000000000000000 ) ) ;
#479 = ORIENTED_EDGE ( 'NONE', *, *, #668, .T. ) ;
#480 = ORIENTED_EDGE ( 'NONE', *, *, #1794, .T. ) ;
#481 = CARTESIAN_POINT ( 'NONE',  ( -1.316440892519668000, 0.0000000000000000000, 0.8227092557024797700 ) ) ;
#482 = DIRECTION ( 'NONE',  ( 1.000000000000000000, 0.0000000000000000000, 0.0000000000000000000 ) ) ;
#483 = EDGE_CURVE ( 'NONE', #526, #223, #516, .T. ) ;
#484 = ORIENTED_EDGE ( 'NONE', *, *, #852, .T. ) ;
#485 = DIRECTION ( 'NONE',  ( 0.0000000000000000000, -0.0000000000000000000, 1.000000000000000000 ) ) ;
#486 = CALENDAR_DATE ( 2017, 14, 3 ) ;
#487 = LINE ( 'NONE', #113, #1070 ) ;
#488 = CARTESIAN_POINT ( 'NONE',  ( -1.316440892519668000, 0.06250000000000000000, -1.971385232486496900 ) ) ;
#489 = CARTESIAN_POINT ( 'NONE',  ( -3.380054418203108000, 0.8125000000000000000, -3.237293718415891400 ) ) ;
#490 = VECTOR ( 'NONE', #501, 39.37007874015748100 ) ;
#491 = LINE ( 'NONE', #289, #618 ) ;
#492 = FACE_OUTER_BOUND ( 'NONE', #496, .T. ) ;
#493 = ORIENTED_EDGE ( 'NONE', *, *, #547, .T. ) ;
#494 = CARTESIAN_POINT ( 'NONE',  ( -3.399821570848427800, 1.062500000000000000, 0.9071301123316827300 ) ) ;
#495 = DIRECTION ( 'NONE',  ( 1.000000000000000000, 0.0000000000000000000, 0.0000000000000000000 ) ) ;
#496 = EDGE_LOOP ( 'NONE', ( #1836, #635, #99, #1195 ) ) ;
#497 = AXIS2_PLACEMENT_3D ( 'NONE', #458, #1526, #2014 ) ;
#498 = VERTEX_POINT ( 'NONE', #851 ) ;
#499 = ORIENTED_EDGE ( 'NONE', *, *, #1202, .F. ) ;
#500 = AXIS2_PLACEMENT_3D ( 'NONE', #1419, #649, #35 ) ;
#501 = DIRECTION ( 'NONE',  ( -0.0000000000000000000, -0.0000000000000000000, -1.000000000000000000 ) ) ;
#502 = ORIENTED_EDGE ( 'NONE', *, *, #615, .F. ) ;
#503 = DIRECTION ( 'NONE',  ( 0.0000000000000000000, -0.0000000000000000000, 1.000000000000000000 ) ) ;
#504 = CARTESIAN_POINT ( 'NONE',  ( -2.385211587387403100, 1.062500000000000000, 0.09028309174865362100 ) ) ;
#505 = ORIENTED_EDGE ( 'NONE', *, *, #1450, .F. ) ;
#506 = CARTESIAN_POINT ( 'NONE',  ( 3.289725608242054300, 0.3125000000000000000, -2.738587116375727600 ) ) ;
#507 = EDGE_CURVE ( 'NONE', #226, #426, #1591, .T. ) ;
#508 = APPROVAL_STATUS ( 'not_yet_approved' ) ;
#509 = DIRECTION ( 'NONE',  ( -0.0000000000000000000, -1.000000000000000000, -0.0000000000000000000 ) ) ;
#510 = EDGE_CURVE ( 'NONE', #1129, #450, #393, .T. ) ;
#511 = DIRECTION ( 'NONE',  ( -0.0000000000000000000, -1.000000000000000000, -0.0000000000000000000 ) ) ;
#512 = LINE ( 'NONE', #842, #1564 ) ;
#513 = FACE_BOUND ( 'NONE', #1170, .T. ) ;
#514 = VECTOR ( 'NONE', #1559, 39.37007874015748100 ) ;
#515 = DIRECTION ( 'NONE',  ( 0.0000000000000000000, 1.000000000000000000, 0.0000000000000000000 ) ) ;
#516 = LINE ( 'NONE', #227, #1287 ) ;
#517 = DIRECTION ( 'NONE',  ( -0.0000000000000000000, -1.000000000000000000, -0.0000000000000000000 ) ) ;
#518 = CARTESIAN_POINT ( 'NONE',  ( -2.053371979235588500, 0.0000000000000000000, -3.103543307086613600 ) ) ;
#519 = VECTOR ( 'NONE', #722, 39.37007874015748100 ) ;
#520 = VERTEX_POINT ( 'NONE', #1800 ) ;
#521 = VERTEX_POINT ( 'NONE', #1656 ) ;
#522 = CARTESIAN_POINT ( 'NONE',  ( -2.053371979235588500, 0.0000000000000000000, -3.103543307086613600 ) ) ;
#523 = ORIENTED_EDGE ( 'NONE', *, *, #1615, .F. ) ;
#524 = ORIENTED_EDGE ( 'NONE', *, *, #165, .T. ) ;
#525 = PLANE ( 'NONE',  #1969 ) ;
#526 = VERTEX_POINT ( 'NONE', #1786 ) ;
#527 = CARTESIAN_POINT ( 'NONE',  ( -3.425616739919469900, 0.8125000000000000000, 0.0000000000000000000 ) ) ;
#528 = DIRECTION ( 'NONE',  ( 0.0000000000000000000, -0.0000000000000000000, 1.000000000000000000 ) ) ;
#529 = ORIENTED_EDGE ( 'NONE', *, *, #999, .T. ) ;
#530 = EDGE_CURVE ( 'NONE', #1529, #1626, #1665, .T. ) ;
#531 = VECTOR ( 'NONE', #751, 39.37007874015748100 ) ;
#532 = DIRECTION ( 'NONE',  ( 1.000000000000000000, 0.0000000000000000000, 0.0000000000000000000 ) ) ;
#533 = PERSON_AND_ORGANIZATION ( #406, #1945 ) ;
#534 = CIRCLE ( 'NONE', #687, 0.08000000000000023800 ) ;
#535 = DIRECTION ( 'NONE',  ( 1.000000000000000000, 0.0000000000000000000, -0.0000000000000000000 ) ) ;
#536 = CARTESIAN_POINT ( 'NONE',  ( -3.353371979235588700, 0.06250000000000000000, -2.325864411239042500 ) ) ;
#537 = CC_DESIGN_PERSON_AND_ORGANIZATION_ASSIGNMENT ( #991, #1914, ( #142 ) ) ;
#538 = VECTOR ( 'NONE', #1211, 39.37007874015748100 ) ;
#539 = VECTOR ( 'NONE', #1123, 39.37007874015748100 ) ;
#540 = DIRECTION ( 'NONE',  ( 1.000000000000000000, 0.0000000000000000000, 0.0000000000000000000 ) ) ;
#541 = PLANE ( 'NONE',  #155 ) ;
#542 = ORIENTED_EDGE ( 'NONE', *, *, #256, .F. ) ;
#543 = EDGE_CURVE ( 'NONE', #1768, #563, #345, .T. ) ;
#544 = ORIENTED_EDGE ( 'NONE', *, *, #1818, .T. ) ;
#545 = DIRECTION ( 'NONE',  ( -0.0000000000000000000, -1.000000000000000000, -0.0000000000000000000 ) ) ;
#546 = VERTEX_POINT ( 'NONE', #1031 ) ;
#547 = EDGE_CURVE ( 'NONE', #1941, #109, #1189, .T. ) ;
#548 = ORIENTED_EDGE ( 'NONE', *, *, #359, .T. ) ;
#549 = CARTESIAN_POINT ( 'NONE',  ( 3.031773917531622500, 0.06250000000000000000, 2.196888565883830400 ) ) ;
#550 = ORIENTED_EDGE ( 'NONE', *, *, #1385, .T. ) ;
#551 = VERTEX_POINT ( 'NONE', #575 ) ;
#552 = DIRECTION ( 'NONE',  ( 0.0000000000000000000, 0.0000000000000000000, 1.000000000000000000 ) ) ;
#553 = CARTESIAN_POINT ( 'NONE',  ( 0.0000000000000000000, 0.3125000000000000000, 0.0000000000000000000 ) ) ;
#554 = DATE_AND_TIME ( #1772, #238 ) ;
#555 = VECTOR ( 'NONE', #1817, 39.37007874015748100 ) ;
#556 = EDGE_CURVE ( 'NONE', #427, #563, #1712, .T. ) ;
#557 = LINE ( 'NONE', #588, #1877 ) ;
#558 = FACE_OUTER_BOUND ( 'NONE', #743, .T. ) ;
#559 = LINE ( 'NONE', #981, #1690 ) ;
#560 = FACE_OUTER_BOUND ( 'NONE', #423, .T. ) ;
#561 = DIRECTION ( 'NONE',  ( -1.000000000000000000, -0.0000000000000000000, -0.0000000000000000000 ) ) ;
#562 = ORIENTED_EDGE ( 'NONE', *, *, #983, .T. ) ;
#563 = VERTEX_POINT ( 'NONE', #1179 ) ;
#564 = DIRECTION ( 'NONE',  ( -0.0000000000000000000, -1.000000000000000000, -0.0000000000000000000 ) ) ;
#565 = EDGE_CURVE ( 'NONE', #1912, #81, #788, .T. ) ;
#566 = EDGE_LOOP ( 'NONE', ( #1131, #255, #1834, #1292 ) ) ;
#567 = DIRECTION ( 'NONE',  ( -0.0000000000000000000, -0.0000000000000000000, -1.000000000000000000 ) ) ;
#568 = ORIENTED_EDGE ( 'NONE', *, *, #875, .F. ) ;
#569 = DIRECTION ( 'NONE',  ( 0.0000000000000000000, 0.0000000000000000000, 1.000000000000000000 ) ) ;
#570 = EDGE_LOOP ( 'NONE', ( #1458, #1009, #1053, #714 ) ) ;
#571 = DIRECTION ( 'NONE',  ( -0.0000000000000000000, 1.000000000000000000, -0.0000000000000000000 ) ) ;
#572 = CARTESIAN_POINT ( 'NONE',  ( 3.146628020764411300, 0.0000000000000000000, 3.016456692913386500 ) ) ;
#573 = CARTESIAN_POINT ( 'NONE',  ( -1.316440892519668000, 0.06250000000000000000, 0.8227092557024797700 ) ) ;
#574 = ORIENTED_EDGE ( 'NONE', *, *, #1295, .F. ) ;
#575 = CARTESIAN_POINT ( 'NONE',  ( -2.299227690483926200, 1.062500000000000000, 1.698181963843665900 ) ) ;
#576 = ORIENTED_EDGE ( 'NONE', *, *, #213, .F. ) ;
#577 = DIRECTION ( 'NONE',  ( 0.0000000000000000000, 1.000000000000000000, 0.0000000000000000000 ) ) ;
#578 = DIRECTION ( 'NONE',  ( 0.0000000000000000000, 0.0000000000000000000, 1.000000000000000000 ) ) ;
#579 = VECTOR ( 'NONE', #1425, 39.37007874015748100 ) ;
#580 = EDGE_CURVE ( 'NONE', #450, #1740, #1952, .T. ) ;
#581 = ADVANCED_FACE ( 'NONE', ( #870 ), #245, .F. ) ;
#582 = CARTESIAN_POINT ( 'NONE',  ( -2.299227690483926200, 1.062500000000000000, 0.9071301123316827300 ) ) ;
#583 = CARTESIAN_POINT ( 'NONE',  ( 2.842609344343975100, 0.06250000000000000000, -0.8125478257378514500 ) ) ;
#584 = VECTOR ( 'NONE', #888, 39.37007874015748100 ) ;
#585 = EDGE_CURVE ( 'NONE', #880, #174, #1612, .T. ) ;
#586 = CARTESIAN_POINT ( 'NONE',  ( -3.503002247132598300, 1.062500000000000000, 0.09028309174865362100 ) ) ;
#587 = VECTOR ( 'NONE', #1503, 39.37007874015748100 ) ;
#588 = CARTESIAN_POINT ( 'NONE',  ( -1.316440892519668000, 0.0000000000000000000, -2.130046649809331300 ) ) ;
#589 = AXIS2_PLACEMENT_3D ( 'NONE', #1929, #1281, #1291 ) ;
#590 = LINE ( 'NONE', #1505, #669 ) ;
#591 = PLANE ( 'NONE',  #1016 ) ;
#592 = EDGE_LOOP ( 'NONE', ( #1327, #814, #939, #963 ) ) ;
#593 = ADVANCED_FACE ( 'NONE', ( #492 ), #1060, .T. ) ;
#594 = DIRECTION ( 'NONE',  ( 0.0000000000000000000, 0.0000000000000000000, 1.000000000000000000 ) ) ;
#595 = ORIENTED_EDGE ( 'NONE', *, *, #1399, .F. ) ;
#596 = DIRECTION ( 'NONE',  ( -0.0000000000000000000, 1.000000000000000000, -0.0000000000000000000 ) ) ;
#597 = ORIENTED_EDGE ( 'NONE', *, *, #922, .T. ) ;
#598 = CARTESIAN_POINT ( 'NONE',  ( 0.0000000000000000000, 0.0000000000000000000, 0.0000000000000000000 ) ) ;
#599 = DIRECTION ( 'NONE',  ( 1.632680918566406500E-016, 0.0000000000000000000, 1.000000000000000000 ) ) ;
#600 = CLOSED_SHELL ( 'NONE', ( #581, #136, #1499, #744, #790, #2009, #894, #1998, #1510, #1367, #1681, #707, #1229, #1858, #780, #78, #1344, #916, #1648, #1048, #441, #936, #1088, #1332, #147, #1719, #295, #428, #1568, #306, #316, #1989, #1540, #1870, #620, #1198, #1846, #593, #2, #1709, #1550, #1238, #769, #1530, #1702, #1219, #88, #631, #244, #459, #1405, #1081, #453, #1560, #159, #1393, #472, #1071, #1416, #926, #1382, #121 ) ) ;
#601 = CARTESIAN_POINT ( 'NONE',  ( -3.399821570848427800, 1.062500000000000000, 1.698181963843665900 ) ) ;
#602 = EDGE_CURVE ( 'NONE', #1561, #1296, #1167, .T. ) ;
#603 = ORIENTED_EDGE ( 'NONE', *, *, #1862, .F. ) ;
#604 = DIRECTION ( 'NONE',  ( -1.000000000000000000, -0.0000000000000000000, -0.0000000000000000000 ) ) ;
#605 = EDGE_LOOP ( 'NONE', ( #1451, #1228, #282, #776 ) ) ;
#606 = DIRECTION ( 'NONE',  ( 0.0000000000000000000, 1.000000000000000000, 0.0000000000000000000 ) ) ;
#607 = AXIS2_PLACEMENT_3D ( 'NONE', #1981, #734, #1207 ) ;
#608 = CARTESIAN_POINT ( 'NONE',  ( -3.353371979235588700, 0.06250000000000000000, -1.087696295828978900 ) ) ;
#609 = CARTESIAN_POINT ( 'NONE',  ( -3.346456692913386500, 0.06250000000000000000, -3.346456692913385700 ) ) ;
#610 = AXIS2_PLACEMENT_3D ( 'NONE', #927, #1878, #469 ) ;
#611 = DIRECTION ( 'NONE',  ( 0.0000000000000000000, 1.000000000000000000, 0.0000000000000000000 ) ) ;
#612 = COORDINATED_UNIVERSAL_TIME_OFFSET ( 5, 0, .BEHIND. ) ;
#613 = VECTOR ( 'NONE', #1584, 39.37007874015748100 ) ;
#614 = LINE ( 'NONE', #1684, #1797 ) ;
#615 = EDGE_CURVE ( 'NONE', #498, #1201, #1999, .T. ) ;
#616 = DIRECTION ( 'NONE',  ( -1.000000000000000000, 0.0000000000000000000, 0.0000000000000000000 ) ) ;
#617 = CARTESIAN_POINT ( 'NONE',  ( -3.380054418203108000, 0.06250000000000000000, -3.237293718415891400 ) ) ;
#618 = VECTOR ( 'NONE', #1390, 39.37007874015748100 ) ;
#619 = EDGE_CURVE ( 'NONE', #520, #521, #1547, .T. ) ;
#620 = ADVANCED_FACE ( 'NONE', ( #1118 ), #1565, .F. ) ;
#621 = VECTOR ( 'NONE', #1137, 39.37007874015748100 ) ;
#622 = VECTOR ( 'NONE', #1851, 39.37007874015748100 ) ;
#623 = DIRECTION ( 'NONE',  ( 0.0000000000000000000, 1.000000000000000000, 0.0000000000000000000 ) ) ;
#624 = ORIENTED_EDGE ( 'NONE', *, *, #1862, .T. ) ;
#625 = CARTESIAN_POINT ( 'NONE',  ( -3.399821570848427800, 0.06250000000000000000, 0.9071301123316827300 ) ) ;
#626 = ORIENTED_EDGE ( 'NONE', *, *, #919, .F. ) ;
#627 = DIRECTION ( 'NONE',  ( -0.0000000000000000000, 1.000000000000000000, -0.0000000000000000000 ) ) ;
#628 = ORIENTED_EDGE ( 'NONE', *, *, #1654, .T. ) ;
#629 = EDGE_CURVE ( 'NONE', #1300, #1149, #732, .T. ) ;
#630 = ORIENTED_EDGE ( 'NONE', *, *, #1605, .F. ) ;
#631 = ADVANCED_FACE ( 'NONE', ( #73 ), #355, .T. ) ;
#632 = CARTESIAN_POINT ( 'NONE',  ( -3.503002247132598300, 1.062500000000000000, 0.7781542669764662800 ) ) ;
#633 = EDGE_CURVE ( 'NONE', #813, #747, #559, .T. ) ;
#634 = VERTEX_POINT ( 'NONE', #1247 ) ;
#635 = ORIENTED_EDGE ( 'NONE', *, *, #1141, .T. ) ;
#636 = AXIS2_PLACEMENT_3D ( 'NONE', #347, #1448, #960 ) ;
#637 = PLANE ( 'NONE',  #610 ) ;
#638 = LINE ( 'NONE', #1364, #992 ) ;
#639 = APPROVAL_DATE_TIME ( #891, #746 ) ;
#640 = FACE_BOUND ( 'NONE', #855, .T. ) ;
#641 = DIRECTION ( 'NONE',  ( 1.000000000000000000, 0.0000000000000000000, -0.0000000000000000000 ) ) ;
#642 = LINE ( 'NONE', #1433, #3 ) ;
#643 = CIRCLE ( 'NONE', #1853, 0.07933070866141717100 ) ;
#644 = DIRECTION ( 'NONE',  ( 0.0000000000000000000, 0.0000000000000000000, 1.000000000000000000 ) ) ;
#645 = CARTESIAN_POINT ( 'NONE',  ( -3.346456692913386500, 0.06250000000000000000, -3.237293718415891400 ) ) ;
#646 = VECTOR ( 'NONE', #1401, 39.37007874015748100 ) ;
#647 = ORIENTED_EDGE ( 'NONE', *, *, #799, .T. ) ;
#648 = ORIENTED_EDGE ( 'NONE', *, *, #565, .F. ) ;
#649 = DIRECTION ( 'NONE',  ( 0.0000000000000000000, 0.0000000000000000000, 1.000000000000000000 ) ) ;
#650 = DIRECTION ( 'NONE',  ( 0.0000000000000000000, 0.0000000000000000000, 1.000000000000000000 ) ) ;
#651 = ORIENTED_EDGE ( 'NONE', *, *, #1128, .F. ) ;
#652 = CARTESIAN_POINT ( 'NONE',  ( -2.053371979235588500, 0.06250000000000000000, -3.103543307086613600 ) ) ;
#653 = VERTEX_POINT ( 'NONE', #1122 ) ;
#654 = CARTESIAN_POINT ( 'NONE',  ( -3.346456692913386500, 0.06250000000000000000, -3.346456692913385700 ) ) ;
#655 = CARTESIAN_POINT ( 'NONE',  ( -2.570918517413951500, 0.8125000000000000000, -2.325864411239042500 ) ) ;
#656 = ORIENTED_EDGE ( 'NONE', *, *, #633, .T. ) ;
#657 = EDGE_CURVE ( 'NONE', #1077, #107, #1447, .T. ) ;
#658 = ORIENTED_EDGE ( 'NONE', *, *, #1992, .F. ) ;
#659 = DIRECTION ( 'NONE',  ( 0.0000000000000000000, 0.0000000000000000000, 1.000000000000000000 ) ) ;
#660 = EDGE_CURVE ( 'NONE', #1555, #1641, #319, .T. ) ;
#661 = DIRECTION ( 'NONE',  ( 0.0000000000000000000, 0.0000000000000000000, -1.000000000000000000 ) ) ;
#662 = AXIS2_PLACEMENT_3D ( 'NONE', #260, #1055, #742 ) ;
#663 = PERSON_AND_ORGANIZATION ( #406, #1945 ) ;
#664 = CARTESIAN_POINT ( 'NONE',  ( 3.031773917531622500, 0.3125000000000000000, 1.302656038087674400 ) ) ;
#665 = VECTOR ( 'NONE', #1408, 39.37007874015748100 ) ;
#666 = CARTESIAN_POINT ( 'NONE',  ( -2.570918517413951500, 0.8125000000000000000, -1.087696295828978900 ) ) ;
#667 = LINE ( 'NONE', #601, #446 ) ;
#668 = EDGE_CURVE ( 'NONE', #1080, #174, #197, .T. ) ;
#669 = VECTOR ( 'NONE', #561, 39.37007874015748100 ) ;
#670 = CARTESIAN_POINT ( 'NONE',  ( 3.146628020764411300, 0.0000000000000000000, 3.176456692913387100 ) ) ;
#671 = DIRECTION ( 'NONE',  ( 0.0000000000000000000, 0.0000000000000000000, -1.000000000000000000 ) ) ;
#672 = ORIENTED_EDGE ( 'NONE', *, *, #298, .F. ) ;
#673 = PLANE ( 'NONE',  #1509 ) ;
#674 = AXIS2_PLACEMENT_3D ( 'NONE', #890, #900, #127 ) ;
#675 = ORIENTED_EDGE ( 'NONE', *, *, #756, .F. ) ;
#676 = VERTEX_POINT ( 'NONE', #1147 ) ;
#677 = PLANE ( 'NONE',  #301 ) ;
#678 = ORIENTED_EDGE ( 'NONE', *, *, #1025, .T. ) ;
#679 = CARTESIAN_POINT ( 'NONE',  ( -2.468625111026256000, 0.8125000000000000000, -3.237293718415891400 ) ) ;
#680 = DIRECTION ( 'NONE',  ( 0.0000000000000000000, 1.000000000000000000, 0.0000000000000000000 ) ) ;
#681 = EDGE_LOOP ( 'NONE', ( #372, #1703, #1967, #1646 ) ) ;
#682 = EDGE_LOOP ( 'NONE', ( #524, #672, #261, #879 ) ) ;
#683 = CARTESIAN_POINT ( 'NONE',  ( -3.380054418203108000, 0.8125000000000000000, -2.497832205045992500 ) ) ;
#684 = FACE_BOUND ( 'NONE', #721, .T. ) ;
#685 = CARTESIAN_POINT ( 'NONE',  ( -3.380054418203108000, 0.06250000000000000000, -3.237293718415891400 ) ) ;
#686 = FACE_BOUND ( 'NONE', #1721, .T. ) ;
#687 = AXIS2_PLACEMENT_3D ( 'NONE', #749, #904, #424 ) ;
#688 = LINE ( 'NONE', #1461, #119 ) ;
#689 = CYLINDRICAL_SURFACE ( 'NONE', #1222, 0.08000000000000023800 ) ;
#690 = DIRECTION ( 'NONE',  ( -0.0000000000000000000, -0.0000000000000000000, -1.000000000000000000 ) ) ;
#691 = DIRECTION ( 'NONE',  ( -1.000000000000000000, 0.0000000000000000000, 0.0000000000000000000 ) ) ;
#692 = LINE ( 'NONE', #19, #8 ) ;
#693 = ORIENTED_EDGE ( 'NONE', *, *, #1770, .T. ) ;
#694 = EDGE_CURVE ( 'NONE', #498, #818, #1802, .T. ) ;
#695 = ORIENTED_EDGE ( 'NONE', *, *, #1730, .F. ) ;
#696 = DIRECTION ( 'NONE',  ( 0.0000000000000000000, 0.0000000000000000000, 1.000000000000000000 ) ) ;
#697 = EDGE_LOOP ( 'NONE', ( #978, #9, #816, #1813 ) ) ;
#698 = AXIS2_PLACEMENT_3D ( 'NONE', #1161, #1319, #391 ) ;
#699 = ORIENTED_EDGE ( 'NONE', *, *, #1021, .T. ) ;
#700 = ORIENTED_EDGE ( 'NONE', *, *, #363, .T. ) ;
#701 = CARTESIAN_POINT ( 'NONE',  ( -1.316440892519668000, 0.0000000000000000000, -1.971385232486496900 ) ) ;
#702 = VERTEX_POINT ( 'NONE', #1918 ) ;
#703 = DIRECTION ( 'NONE',  ( -1.000000000000000000, -0.0000000000000000000, -0.0000000000000000000 ) ) ;
#704 = EDGE_LOOP ( 'NONE', ( #861, #1931, #1223, #738, #1789 ) ) ;
#705 = LENGTH_MEASURE_WITH_UNIT ( LENGTH_MEASURE( 0.02539999999999999900 ), #784 );
#706 = AXIS2_PLACEMENT_3D ( 'NONE', #1386, #764, #120 ) ;
#707 = ADVANCED_FACE ( 'NONE', ( #850 ), #1457, .F. ) ;
#708 = LINE ( 'NONE', #993, #868 ) ;
#709 = VECTOR ( 'NONE', #1517, 39.37007874015748100 ) ;
#710 = DIRECTION ( 'NONE',  ( -0.0000000000000000000, 1.000000000000000000, -0.0000000000000000000 ) ) ;
#711 = FACE_OUTER_BOUND ( 'NONE', #1766, .T. ) ;
#712 = CIRCLE ( 'NONE', #1774, 0.07933070866141717100 ) ;
#713 = DIRECTION ( 'NONE',  ( 0.0000000000000000000, 0.0000000000000000000, 1.000000000000000000 ) ) ;
#714 = ORIENTED_EDGE ( 'NONE', *, *, #298, .T. ) ;
#715 = DIRECTION ( 'NONE',  ( 1.632680918566406500E-016, 0.0000000000000000000, 1.000000000000000000 ) ) ;
#716 = ORIENTED_EDGE ( 'NONE', *, *, #1519, .T. ) ;
#717 = EDGE_CURVE ( 'NONE', #275, #520, #1022, .T. ) ;
#718 = DIRECTION ( 'NONE',  ( 0.0000000000000000000, 1.000000000000000000, 0.0000000000000000000 ) ) ;
#719 = VERTEX_POINT ( 'NONE', #68 ) ;
#720 = DIRECTION ( 'NONE',  ( 0.0000000000000000000, 1.000000000000000000, 0.0000000000000000000 ) ) ;
#721 = EDGE_LOOP ( 'NONE', ( #796, #1107 ) ) ;
#722 = DIRECTION ( 'NONE',  ( 1.632680918566406500E-016, 0.0000000000000000000, 1.000000000000000000 ) ) ;
#723 = AXIS2_PLACEMENT_3D ( 'NONE', #1607, #1746, #503 ) ;
#724 = VERTEX_POINT ( 'NONE', #1322 ) ;
#725 = VERTEX_POINT ( 'NONE', #856 ) ;
#726 = PLANE ( 'NONE',  #1866 ) ;
#727 = LOCAL_TIME ( 19, 10, 27.00000000000000000, #612 ) ;
#728 = FACE_OUTER_BOUND ( 'NONE', #592, .T. ) ;
#729 = LINE ( 'NONE', #1983, #1686 ) ;
#730 = VECTOR ( 'NONE', #785, 39.37007874015748100 ) ;
#731 = AXIS2_PLACEMENT_3D ( 'NONE', #869, #1345, #1801 ) ;
#732 = CIRCLE ( 'NONE', #1355, 0.08000000000000023800 ) ;
#733 = LINE ( 'NONE', #586, #539 ) ;
#734 = DIRECTION ( 'NONE',  ( -0.0000000000000000000, 1.000000000000000000, -0.0000000000000000000 ) ) ;
#735 = CARTESIAN_POINT ( 'NONE',  ( -3.380054418203108000, 0.06250000000000000000, -2.497832205045992500 ) ) ;
#736 = ORIENTED_EDGE ( 'NONE', *, *, #1052, .F. ) ;
#737 = DIRECTION ( 'NONE',  ( -1.000000000000000000, -0.0000000000000000000, -0.0000000000000000000 ) ) ;
#738 = ORIENTED_EDGE ( 'NONE', *, *, #1141, .F. ) ;
#739 = CARTESIAN_POINT ( 'NONE',  ( 3.146628020764411300, 0.06250000000000000000, 3.016456692913386500 ) ) ;
#740 = ORIENTED_EDGE ( 'NONE', *, *, #717, .F. ) ;
#741 = ORIENTED_EDGE ( 'NONE', *, *, #942, .F. ) ;
#742 = DIRECTION ( 'NONE',  ( 0.0000000000000000000, 0.0000000000000000000, 1.000000000000000000 ) ) ;
#743 = EDGE_LOOP ( 'NONE', ( #14, #249, #132, #1159 ) ) ;
#744 = ADVANCED_FACE ( 'NONE', ( #1569 ), #689, .F. ) ;
#745 = DIRECTION ( 'NONE',  ( 1.632680918566406500E-016, 0.0000000000000000000, 1.000000000000000000 ) ) ;
#746 = APPROVAL ( #1460, 'UNSPECIFIED' ) ;
#747 = VERTEX_POINT ( 'NONE', #1314 ) ;
#748 = EDGE_LOOP ( 'NONE', ( #2007, #1030, #128, #1764 ) ) ;
#749 = CARTESIAN_POINT ( 'NONE',  ( 3.146628020764411300, 0.06250000000000000000, -3.103543307086613600 ) ) ;
#750 = EDGE_CURVE ( 'NONE', #1502, #29, #1213, .T. ) ;
#751 = DIRECTION ( 'NONE',  ( 0.0000000000000000000, 0.0000000000000000000, 1.000000000000000000 ) ) ;
#752 = VECTOR ( 'NONE', #321, 39.37007874015748100 ) ;
#753 = CARTESIAN_POINT ( 'NONE',  ( -3.425616739919469900, 0.8125000000000000000, -0.8684373587251089700 ) ) ;
#754 = LINE ( 'NONE', #1306, #1632 ) ;
#755 = CARTESIAN_POINT ( 'NONE',  ( 0.0000000000000000000, 0.06250000000000000000, 0.0000000000000000000 ) ) ;
#756 = EDGE_CURVE ( 'NONE', #1781, #1126, #758, .T. ) ;
#757 = FACE_OUTER_BOUND ( 'NONE', #951, .T. ) ;
#758 = LINE ( 'NONE', #248, #1752 ) ;
#759 = AXIS2_PLACEMENT_3D ( 'NONE', #1013, #718, #405 ) ;
#760 = LINE ( 'NONE', #1495, #1638 ) ;
#761 = CARTESIAN_POINT ( 'NONE',  ( -1.316440892519668000, 0.0000000000000000000, -1.971385232486496900 ) ) ;
#762 = CARTESIAN_POINT ( 'NONE',  ( 3.346456692913385700, 0.0000000000000000000, -3.346456692913385700 ) ) ;
#763 = EDGE_LOOP ( 'NONE', ( #56, #1622 ) ) ;
#764 = DIRECTION ( 'NONE',  ( 0.0000000000000000000, 1.000000000000000000, 0.0000000000000000000 ) ) ;
#765 = CARTESIAN_POINT ( 'NONE',  ( 3.031773917531622500, 0.06250000000000000000, 1.302656038087674400 ) ) ;
#766 = ORIENTED_EDGE ( 'NONE', *, *, #229, .F. ) ;
#767 = EDGE_CURVE ( 'NONE', #653, #1077, #1710, .T. ) ;
#768 = ORIENTED_EDGE ( 'NONE', *, *, #1399, .T. ) ;
#769 = ADVANCED_FACE ( 'NONE', ( #1336 ), #1174, .T. ) ;
#770 = DIRECTION ( 'NONE',  ( -0.0000000000000000000, 1.000000000000000000, -0.0000000000000000000 ) ) ;
#771 = PLANE ( 'NONE',  #1842 ) ;
#772 = ORIENTED_EDGE ( 'NONE', *, *, #530, .F. ) ;
#773 = EDGE_CURVE ( 'NONE', #1641, #961, #1395, .T. ) ;
#774 = VERTEX_POINT ( 'NONE', #549 ) ;
#775 = AXIS2_PLACEMENT_3D ( 'NONE', #1203, #1188, #269 ) ;
#776 = ORIENTED_EDGE ( 'NONE', *, *, #445, .F. ) ;
#777 = DIRECTION ( 'NONE',  ( 0.0000000000000000000, 0.0000000000000000000, 1.000000000000000000 ) ) ;
#778 = DIRECTION ( 'NONE',  ( 0.0000000000000000000, 0.0000000000000000000, 1.000000000000000000 ) ) ;
#779 = AXIS2_PLACEMENT_3D ( 'NONE', #598, #920, #115 ) ;
#780 = ADVANCED_FACE ( 'NONE', ( #1165 ), #1478, .F. ) ;
#781 = VECTOR ( 'NONE', #1669, 39.37007874015748100 ) ;
#782 = LINE ( 'NONE', #220, #166 ) ;
#783 = EDGE_CURVE ( 'NONE', #885, #1409, #970, .T. ) ;
#784 =( LENGTH_UNIT ( ) NAMED_UNIT ( * ) SI_UNIT ( $, .METRE. ) );
#785 = DIRECTION ( 'NONE',  ( -0.0000000000000000000, -1.000000000000000000, -0.0000000000000000000 ) ) ;
#786 = CARTESIAN_POINT ( 'NONE',  ( -2.953371979235588400, 0.0000000000000000000, 3.176456692913387100 ) ) ;
#787 = VECTOR ( 'NONE', #803, 39.37007874015748100 ) ;
#788 = CIRCLE ( 'NONE', #706, 0.07933070866141717100 ) ;
#789 = VECTOR ( 'NONE', #567, 39.37007874015748100 ) ;
#790 = ADVANCED_FACE ( 'NONE', ( #558 ), #343, .F. ) ;
#791 = CARTESIAN_POINT ( 'NONE',  ( -1.316440892519668000, 0.0000000000000000000, 0.9020399643638970000 ) ) ;
#792 = ORIENTED_EDGE ( 'NONE', *, *, #602, .T. ) ;
#793 = CARTESIAN_POINT ( 'NONE',  ( 1.636315012992142900, 0.0000000000000000000, 0.8227092557024789900 ) ) ;
#794 = ORIENTED_EDGE ( 'NONE', *, *, #1245, .T. ) ;
#795 = VERTEX_POINT ( 'NONE', #739 ) ;
#796 = ORIENTED_EDGE ( 'NONE', *, *, #1594, .T. ) ;
#797 = DIRECTION ( 'NONE',  ( -0.0000000000000000000, -1.000000000000000000, -0.0000000000000000000 ) ) ;
#798 = DIRECTION ( 'NONE',  ( 1.000000000000000000, 0.0000000000000000000, 0.0000000000000000000 ) ) ;
#799 = EDGE_CURVE ( 'NONE', #1251, #725, #1637, .T. ) ;
#800 = ORIENTED_EDGE ( 'NONE', *, *, #62, .T. ) ;
#801 = ORIENTED_EDGE ( 'NONE', *, *, #294, .F. ) ;
#802 = AXIS2_PLACEMENT_3D ( 'NONE', #817, #811, #353 ) ;
#803 = DIRECTION ( 'NONE',  ( 1.000000000000000000, 0.0000000000000000000, 0.0000000000000000000 ) ) ;
#804 = VECTOR ( 'NONE', #797, 39.37007874015748100 ) ;
#805 = VECTOR ( 'NONE', #690, 39.37007874015748100 ) ;
#806 = LINE ( 'NONE', #328, #1974 ) ;
#807 = VECTOR ( 'NONE', #456, 39.37007874015748100 ) ;
#808 = APPLICATION_CONTEXT ( 'configuration controlled 3d designs of mechanical parts and assemblies' ) ;
#809 = CARTESIAN_POINT ( 'NONE',  ( -3.346456692913386500, 0.06250000000000000000, -2.497832205045992500 ) ) ;
#810 = FACE_OUTER_BOUND ( 'NONE', #221, .T. ) ;
#811 = DIRECTION ( 'NONE',  ( 0.0000000000000000000, 0.0000000000000000000, 1.000000000000000000 ) ) ;
#812 = CARTESIAN_POINT ( 'NONE',  ( 3.272528828861360300, 0.3125000000000000000, 2.196888565883830400 ) ) ;
#813 = VERTEX_POINT ( 'NONE', #583 ) ;
#814 = ORIENTED_EDGE ( 'NONE', *, *, #694, .F. ) ;
#815 = CARTESIAN_POINT ( 'NONE',  ( 1.636315012992142700, 0.06250000000000000000, -1.971385232486496700 ) ) ;
#816 = ORIENTED_EDGE ( 'NONE', *, *, #602, .F. ) ;
#817 = CARTESIAN_POINT ( 'NONE',  ( -3.503002247132598300, 1.062500000000000000, 0.09028309174865362100 ) ) ;
#818 = VERTEX_POINT ( 'NONE', #1778 ) ;
#819 = DIRECTION ( 'NONE',  ( 1.000000000000000000, 0.0000000000000000000, 0.0000000000000000000 ) ) ;
#820 = ORIENTED_EDGE ( 'NONE', *, *, #23, .F. ) ;
#821 = EDGE_CURVE ( 'NONE', #426, #226, #643, .T. ) ;
#822 = EDGE_LOOP ( 'NONE', ( #1812, #219, #1693, #1936 ) ) ;
#823 = EDGE_CURVE ( 'NONE', #180, #1808, #1095, .T. ) ;
#824 = ORIENTED_EDGE ( 'NONE', *, *, #1338, .F. ) ;
#825 = VECTOR ( 'NONE', #1462, 39.37007874015748100 ) ;
#826 = APPROVAL_ROLE ( '' ) ;
#827 = CYLINDRICAL_SURFACE ( 'NONE', #168, 0.08000000000000023800 ) ;
#828 = FACE_OUTER_BOUND ( 'NONE', #1871, .T. ) ;
#829 = LINE ( 'NONE', #884, #1497 ) ;
#830 = LINE ( 'NONE', #1262, #97 ) ;
#831 = DIRECTION ( 'NONE',  ( -0.0000000000000000000, 1.000000000000000000, -0.0000000000000000000 ) ) ;
#832 = CARTESIAN_POINT ( 'NONE',  ( 1.636315012992142900, 0.06250000000000000000, 0.9813706730253141100 ) ) ;
#833 = EDGE_LOOP ( 'NONE', ( #326, #1725, #1371, #1104 ) ) ;
#834 = VERTEX_POINT ( 'NONE', #1357 ) ;
#835 = ORIENTED_EDGE ( 'NONE', *, *, #1605, .T. ) ;
#836 = CARTESIAN_POINT ( 'NONE',  ( -3.346456692913386500, 0.06250000000000000000, -3.346456692913385700 ) ) ;
#837 = VERTEX_POINT ( 'NONE', #1662 ) ;
#838 = DIRECTION ( 'NONE',  ( -1.000000000000000000, -0.0000000000000000000, -0.0000000000000000000 ) ) ;
#839 = ORIENTED_EDGE ( 'NONE', *, *, #359, .F. ) ;
#840 = ORIENTED_EDGE ( 'NONE', *, *, #2005, .T. ) ;
#841 = DIRECTION ( 'NONE',  ( 0.0000000000000000000, 0.0000000000000000000, 1.000000000000000000 ) ) ;
#842 = CARTESIAN_POINT ( 'NONE',  ( -3.346456692913386500, 0.06250000000000000000, -3.346456692913385700 ) ) ;
#843 = CARTESIAN_POINT ( 'NONE',  ( 0.0000000000000000000, 0.06250000000000000000, 0.0000000000000000000 ) ) ;
#844 = CALENDAR_DATE ( 2017, 14, 3 ) ;
#845 = VECTOR ( 'NONE', #1187, 39.37007874015748100 ) ;
#846 = LINE ( 'NONE', #943, #1142 ) ;
#847 = LINE ( 'NONE', #753, #807 ) ;
#848 = DIRECTION ( 'NONE',  ( 0.0000000000000000000, -0.0000000000000000000, 1.000000000000000000 ) ) ;
#849 = EDGE_CURVE ( 'NONE', #949, #202, #924, .T. ) ;
#850 = FACE_OUTER_BOUND ( 'NONE', #2002, .T. ) ;
#851 = CARTESIAN_POINT ( 'NONE',  ( 2.842609344343975100, 0.3125000000000000000, -2.738587116375727600 ) ) ;
#852 = EDGE_CURVE ( 'NONE', #1296, #280, #1074, .T. ) ;
#853 = PLANE ( 'NONE',  #1869 ) ;
#854 = ORIENTED_EDGE ( 'NONE', *, *, #510, .F. ) ;
#855 = EDGE_LOOP ( 'NONE', ( #160, #1294 ) ) ;
#856 = CARTESIAN_POINT ( 'NONE',  ( -3.425616739919469900, 0.06250000000000000000, -0.8684373587251089700 ) ) ;
#857 = AXIS2_PLACEMENT_3D ( 'NONE', #1033, #540, #1630 ) ;
#858 = ORIENTED_EDGE ( 'NONE', *, *, #1807, .F. ) ;
#859 = DIRECTION ( 'NONE',  ( 0.0000000000000000000, 1.000000000000000000, 0.0000000000000000000 ) ) ;
#860 = DIRECTION ( 'NONE',  ( 0.0000000000000000000, 0.0000000000000000000, 1.000000000000000000 ) ) ;
#861 = ORIENTED_EDGE ( 'NONE', *, *, #1338, .T. ) ;
#862 = ORIENTED_EDGE ( 'NONE', *, *, #48, .T. ) ;
#863 = CARTESIAN_POINT ( 'NONE',  ( 3.289725608242054300, 0.3125000000000000000, -2.738587116375727600 ) ) ;
#864 = COORDINATED_UNIVERSAL_TIME_OFFSET ( 5, 0, .BEHIND. ) ;
#865 = LINE ( 'NONE', #1602, #1488 ) ;
#866 = LINE ( 'NONE', #288, #1518 ) ;
#867 = AXIS2_PLACEMENT_3D ( 'NONE', #899, #455, #1855 ) ;
#868 = VECTOR ( 'NONE', #1507, 39.37007874015748100 ) ;
#869 = CARTESIAN_POINT ( 'NONE',  ( 3.272528828861360300, 0.3125000000000000000, 1.302656038087674400 ) ) ;
#870 = FACE_OUTER_BOUND ( 'NONE', #822, .T. ) ;
#871 = CARTESIAN_POINT ( 'NONE',  ( 1.636315012992142900, 0.0000000000000000000, 0.9813706730253141100 ) ) ;
#872 = VECTOR ( 'NONE', #1657, 39.37007874015748100 ) ;
#873 = DIRECTION ( 'NONE',  ( 1.000000000000000000, 0.0000000000000000000, -0.0000000000000000000 ) ) ;
#874 = DIRECTION ( 'NONE',  ( -0.0000000000000000000, 1.000000000000000000, -0.0000000000000000000 ) ) ;
#875 = EDGE_CURVE ( 'NONE', #1266, #1941, #1257, .T. ) ;
#876 = VERTEX_POINT ( 'NONE', #1978 ) ;
#877 = CARTESIAN_POINT ( 'NONE',  ( -3.346456692913386500, 0.06250000000000000000, -3.346456692913385700 ) ) ;
#878 = PLANE ( 'NONE',  #1883 ) ;
#879 = ORIENTED_EDGE ( 'NONE', *, *, #1311, .T. ) ;
#880 = VERTEX_POINT ( 'NONE', #1805 ) ;
#881 = DIRECTION ( 'NONE',  ( 0.0000000000000000000, 1.000000000000000000, 0.0000000000000000000 ) ) ;
#882 = DIRECTION ( 'NONE',  ( 0.0000000000000000000, 1.000000000000000000, 0.0000000000000000000 ) ) ;
#883 = VERTEX_POINT ( 'NONE', #1678 ) ;
#884 = CARTESIAN_POINT ( 'NONE',  ( -3.353371979235588700, 0.8125000000000000000, -1.087696295828978900 ) ) ;
#885 = VERTEX_POINT ( 'NONE', #1333 ) ;
#886 = DIRECTION ( 'NONE',  ( 0.0000000000000000000, 0.0000000000000000000, -1.000000000000000000 ) ) ;
#887 = VERTEX_POINT ( 'NONE', #1028 ) ;
#888 = DIRECTION ( 'NONE',  ( -0.0000000000000000000, -1.000000000000000000, -0.0000000000000000000 ) ) ;
#889 = EDGE_CURVE ( 'NONE', #2004, #426, #1522, .T. ) ;
#890 = CARTESIAN_POINT ( 'NONE',  ( 1.636315012992142700, 0.0000000000000000000, -2.050715941147914100 ) ) ;
#891 = DATE_AND_TIME ( #844, #1307 ) ;
#892 = CIRCLE ( 'NONE', #1587, 0.07933070866141743400 ) ;
#893 = EDGE_CURVE ( 'NONE', #81, #1912, #1046, .T. ) ;
#894 = ADVANCED_FACE ( 'NONE', ( #998 ), #123, .F. ) ;
#895 = DIRECTION ( 'NONE',  ( -1.000000000000000000, 0.0000000000000000000, -0.0000000000000000000 ) ) ;
#896 = FACE_OUTER_BOUND ( 'NONE', #1323, .T. ) ;
#897 = CARTESIAN_POINT ( 'NONE',  ( -3.380054418203108000, 0.8125000000000000000, -2.497832205045992500 ) ) ;
#898 = VECTOR ( 'NONE', #1467, 39.37007874015748100 ) ;
#899 = CARTESIAN_POINT ( 'NONE',  ( -3.399821570848427800, 1.062500000000000000, 1.698181963843665900 ) ) ;
#900 = DIRECTION ( 'NONE',  ( -0.0000000000000000000, 1.000000000000000000, -0.0000000000000000000 ) ) ;
#901 = DIRECTION ( 'NONE',  ( -1.000000000000000000, 0.0000000000000000000, 0.0000000000000000000 ) ) ;
#902 = LINE ( 'NONE', #462, #1997 ) ;
#903 = VECTOR ( 'NONE', #310, 39.37007874015748100 ) ;
#904 = DIRECTION ( 'NONE',  ( 0.0000000000000000000, 1.000000000000000000, 0.0000000000000000000 ) ) ;
#905 = VERTEX_POINT ( 'NONE', #412 ) ;
#906 = EDGE_LOOP ( 'NONE', ( #548, #1124, #1982, #1459 ) ) ;
#907 = CARTESIAN_POINT ( 'NONE',  ( -2.299227690483926200, 1.062500000000000000, 0.9071301123316827300 ) ) ;
#908 = EDGE_CURVE ( 'NONE', #1149, #795, #1019, .T. ) ;
#909 = ORIENTED_EDGE ( 'NONE', *, *, #507, .T. ) ;
#910 = ORIENTED_EDGE ( 'NONE', *, *, #893, .F. ) ;
#911 = DIRECTION ( 'NONE',  ( 1.632680918566406500E-016, 0.0000000000000000000, 1.000000000000000000 ) ) ;
#912 = CARTESIAN_POINT ( 'NONE',  ( -3.353371979235588700, 0.06250000000000000000, -2.325864411239042500 ) ) ;
#913 = DIRECTION ( 'NONE',  ( 0.0000000000000000000, -0.0000000000000000000, 1.000000000000000000 ) ) ;
#914 =( GEOMETRIC_REPRESENTATION_CONTEXT ( 3 ) GLOBAL_UNCERTAINTY_ASSIGNED_CONTEXT ( ( #1406 ) ) GLOBAL_UNIT_ASSIGNED_CONTEXT ( ( #1089, #1606, #1280 ) ) REPRESENTATION_CONTEXT ( 'NONE', 'WORKASPACE' ) );
#915 = ORIENTED_EDGE ( 'NONE', *, *, #1087, .F. ) ;
#916 = ADVANCED_FACE ( 'NONE', ( #1852 ), #1342, .F. ) ;
#917 = ORIENTED_EDGE ( 'NONE', *, *, #225, .F. ) ;
#918 = CARTESIAN_POINT ( 'NONE',  ( -3.399821570848427800, 1.062500000000000000, 1.698181963843665900 ) ) ;
#919 = EDGE_CURVE ( 'NONE', #1059, #1506, #1689, .T. ) ;
#920 = DIRECTION ( 'NONE',  ( 0.0000000000000000000, 1.000000000000000000, 0.0000000000000000000 ) ) ;
#921 = LINE ( 'NONE', #1544, #1542 ) ;
#922 = EDGE_CURVE ( 'NONE', #883, #109, #217, .T. ) ;
#923 = FACE_BOUND ( 'NONE', #1432, .T. ) ;
#924 = LINE ( 'NONE', #1811, #1902 ) ;
#925 = AXIS2_PLACEMENT_3D ( 'NONE', #664, #44, #671 ) ;
#926 = ADVANCED_FACE ( 'NONE', ( #1776 ), #195, .F. ) ;
#927 = CARTESIAN_POINT ( 'NONE',  ( 0.0000000000000000000, 1.062500000000000000, 0.0000000000000000000 ) ) ;
#928 = PLANE ( 'NONE',  #1810 ) ;
#929 = LINE ( 'NONE', #1036, #519 ) ;
#930 = ORIENTED_EDGE ( 'NONE', *, *, #657, .F. ) ;
#931 = ORIENTED_EDGE ( 'NONE', *, *, #889, .F. ) ;
#932 = CARTESIAN_POINT ( 'NONE',  ( 3.146628020764411300, 0.0000000000000000000, -3.103543307086613600 ) ) ;
#933 = ORIENTED_EDGE ( 'NONE', *, *, #146, .F. ) ;
#934 = EDGE_CURVE ( 'NONE', #955, #724, #1493, .T. ) ;
#935 = ORIENTED_EDGE ( 'NONE', *, *, #660, .T. ) ;
#936 = ADVANCED_FACE ( 'NONE', ( #1829 ), #443, .F. ) ;
#937 = EDGE_LOOP ( 'NONE', ( #1573, #407, #1100, #1961 ) ) ;
#938 = AXIS2_PLACEMENT_3D ( 'NONE', #1845, #577, #1821 ) ;
#939 = ORIENTED_EDGE ( 'NONE', *, *, #1021, .F. ) ;
#940 = VECTOR ( 'NONE', #1691, 39.37007874015748100 ) ;
#941 = CYLINDRICAL_SURFACE ( 'NONE', #1003, 0.07933070866141743400 ) ;
#942 = EDGE_CURVE ( 'NONE', #1348, #1251, #169, .T. ) ;
#943 = CARTESIAN_POINT ( 'NONE',  ( -3.346456692913386500, 0.06250000000000000000, -3.346456692913385700 ) ) ;
#944 = LINE ( 'NONE', #494, #1994 ) ;
#945 = VECTOR ( 'NONE', #1066, 39.37007874015748100 ) ;
#946 = LINE ( 'NONE', #1324, #789 ) ;
#947 = CC_DESIGN_DATE_AND_TIME_ASSIGNMENT ( #1819, #1903, ( #975 ) ) ;
#948 = CARTESIAN_POINT ( 'NONE',  ( 1.636315012992142900, 0.0000000000000000000, 0.9020399643638965500 ) ) ;
#949 = VERTEX_POINT ( 'NONE', #432 ) ;
#950 = CARTESIAN_POINT ( 'NONE',  ( -2.651761667788180800, 0.06250000000000000000, -0.8684373587251089700 ) ) ;
#951 = EDGE_LOOP ( 'NONE', ( #678, #1178, #915, #1350 ) ) ;
#952 = PLANE ( 'NONE',  #1658 ) ;
#953 = ORIENTED_EDGE ( 'NONE', *, *, #1742, .F. ) ;
#954 = EDGE_CURVE ( 'NONE', #1841, #226, #25, .T. ) ;
#955 = VERTEX_POINT ( 'NONE', #302 ) ;
#956 = APPROVAL_STATUS ( 'not_yet_approved' ) ;
#957 = DIRECTION ( 'NONE',  ( -0.0000000000000000000, 1.000000000000000000, -0.0000000000000000000 ) ) ;
#958 = EDGE_CURVE ( 'NONE', #905, #151, #1951, .T. ) ;
#959 = CARTESIAN_POINT ( 'NONE',  ( -2.299227690483926200, 0.06250000000000000000, 0.9071301123316827300 ) ) ;
#960 = DIRECTION ( 'NONE',  ( 0.0000000000000000000, -0.0000000000000000000, 1.000000000000000000 ) ) ;
#961 = VERTEX_POINT ( 'NONE', #150 ) ;
#962 = DIRECTION ( 'NONE',  ( 0.0000000000000000000, 0.0000000000000000000, 1.000000000000000000 ) ) ;
#963 = ORIENTED_EDGE ( 'NONE', *, *, #1328, .T. ) ;
#964 = CARTESIAN_POINT ( 'NONE',  ( -3.346456692913386100, 0.06250000000000000000, 0.09028309174865389900 ) ) ;
#965 = PLANE ( 'NONE',  #723 ) ;
#966 = PERSON_AND_ORGANIZATION ( #406, #1945 ) ;
#967 = FACE_OUTER_BOUND ( 'NONE', #158, .T. ) ;
#968 = VECTOR ( 'NONE', #1660, 39.37007874015748100 ) ;
#969 = EDGE_CURVE ( 'NONE', #676, #724, #1422, .T. ) ;
#970 = CIRCLE ( 'NONE', #1748, 0.08000000000000023800 ) ;
#971 = FACE_OUTER_BOUND ( 'NONE', #1155, .T. ) ;
#972 = AXIS2_PLACEMENT_3D ( 'NONE', #1832, #886, #895 ) ;
#973 = VECTOR ( 'NONE', #1394, 39.37007874015748100 ) ;
#974 = VERTEX_POINT ( 'NONE', #1692 ) ;
#975 = SECURITY_CLASSIFICATION ( '', '', #183 ) ;
#976 = MECHANICAL_CONTEXT ( 'NONE', #808, 'mechanical' ) ;
#977 = DIRECTION ( 'NONE',  ( 1.000000000000000000, 0.0000000000000000000, 0.0000000000000000000 ) ) ;
#978 = ORIENTED_EDGE ( 'NONE', *, *, #1742, .T. ) ;
#979 = PLANE ( 'NONE',  #925 ) ;
#980 = ORIENTED_EDGE ( 'NONE', *, *, #188, .F. ) ;
#981 = CARTESIAN_POINT ( 'NONE',  ( 2.842609344343975100, 0.06250000000000000000, -0.8125478257378514500 ) ) ;
#982 = VERTEX_POINT ( 'NONE', #1217 ) ;
#983 = EDGE_CURVE ( 'NONE', #1227, #1986, #847, .T. ) ;
#984 = DIRECTION ( 'NONE',  ( -0.0000000000000000000, 1.000000000000000000, -0.0000000000000000000 ) ) ;
#985 = VERTEX_POINT ( 'NONE', #907 ) ;
#986 = DIRECTION ( 'NONE',  ( -0.0000000000000000000, -1.000000000000000000, -0.0000000000000000000 ) ) ;
#987 = DIRECTION ( 'NONE',  ( 0.0000000000000000000, 0.0000000000000000000, 1.000000000000000000 ) ) ;
#988 = ORIENTED_EDGE ( 'NONE', *, *, #1063, .F. ) ;
#989 = AXIS2_PLACEMENT_3D ( 'NONE', #156, #1243, #1576 ) ;
#990 = DIRECTION ( 'NONE',  ( 0.0000000000000000000, 1.000000000000000000, 0.0000000000000000000 ) ) ;
#991 = PERSON_AND_ORGANIZATION ( #406, #1945 ) ;
#992 = VECTOR ( 'NONE', #1065, 39.37007874015748100 ) ;
#993 = CARTESIAN_POINT ( 'NONE',  ( -3.346456692913385700, 0.0000000000000000000, 3.346456692913386500 ) ) ;
#994 = APPROVAL_PERSON_ORGANIZATION ( #1417, #746, #826 ) ;
#995 = FACE_OUTER_BOUND ( 'NONE', #1933, .T. ) ;
#996 = CARTESIAN_POINT ( 'NONE',  ( -3.346456692913386500, 0.0000000000000000000, -3.346456692913385700 ) ) ;
#997 = LINE ( 'NONE', #184, #1610 ) ;
#998 = FACE_OUTER_BOUND ( 'NONE', #1886, .T. ) ;
#999 = EDGE_CURVE ( 'NONE', #1603, #955, #491, .T. ) ;
#1000 = CIRCLE ( 'NONE', #938, 0.08000000000000023800 ) ;
#1001 = DIRECTION ( 'NONE',  ( 0.0000000000000000000, 0.0000000000000000000, 1.000000000000000000 ) ) ;
#1002 = ORIENTED_EDGE ( 'NONE', *, *, #783, .T. ) ;
#1003 = AXIS2_PLACEMENT_3D ( 'NONE', #106, #131, #1214 ) ;
#1004 = ORIENTED_EDGE ( 'NONE', *, *, #1067, .F. ) ;
#1005 = CARTESIAN_POINT ( 'NONE',  ( -2.468625111026256000, 0.06250000000000000000, -3.237293718415891400 ) ) ;
#1006 = CARTESIAN_POINT ( 'NONE',  ( -2.053371979235588500, 0.0000000000000000000, -3.103543307086613600 ) ) ;
#1007 = ORIENTED_EDGE ( 'NONE', *, *, #1730, .T. ) ;
#1008 = DIRECTION ( 'NONE',  ( -1.000000000000000000, -0.0000000000000000000, -0.0000000000000000000 ) ) ;
#1009 = ORIENTED_EDGE ( 'NONE', *, *, #1428, .F. ) ;
#1010 = DIRECTION ( 'NONE',  ( -0.0000000000000000000, 1.000000000000000000, -0.0000000000000000000 ) ) ;
#1011 = ORIENTED_EDGE ( 'NONE', *, *, #773, .F. ) ;
#1012 = ORIENTED_EDGE ( 'NONE', *, *, #1385, .F. ) ;
#1013 = CARTESIAN_POINT ( 'NONE',  ( -2.953371979235588400, 0.0000000000000000000, 3.096456692913387000 ) ) ;
#1014 = AXIS2_PLACEMENT_3D ( 'NONE', #1006, #710, #860 ) ;
#1015 = LINE ( 'NONE', #338, #189 ) ;
#1016 = AXIS2_PLACEMENT_3D ( 'NONE', #1383, #616, #1843 ) ;
#1017 = DIRECTION ( 'NONE',  ( 0.0000000000000000000, 0.0000000000000000000, 1.000000000000000000 ) ) ;
#1018 = FACE_OUTER_BOUND ( 'NONE', #566, .T. ) ;
#1019 = LINE ( 'NONE', #572, #587 ) ;
#1020 = CARTESIAN_POINT ( 'NONE',  ( -3.346456692913386500, 0.06250000000000000000, -3.346456692913385700 ) ) ;
#1021 = EDGE_CURVE ( 'NONE', #350, #498, #392, .T. ) ;
#1022 = LINE ( 'NONE', #233, #144 ) ;
#1023 = VECTOR ( 'NONE', #1017, 39.37007874015748100 ) ;
#1024 = CARTESIAN_POINT ( 'NONE',  ( -3.503002247132598300, 0.06250000000000000000, 0.09028309174865362100 ) ) ;
#1025 = EDGE_CURVE ( 'NONE', #107, #29, #293, .T. ) ;
#1026 = ORIENTED_EDGE ( 'NONE', *, *, #440, .T. ) ;
#1027 = ORIENTED_EDGE ( 'NONE', *, *, #1791, .F. ) ;
#1028 = CARTESIAN_POINT ( 'NONE',  ( -3.353371979235588700, 0.06250000000000000000, -2.325864411239042500 ) ) ;
#1029 = AXIS2_PLACEMENT_3D ( 'NONE', #419, #1146, #535 ) ;
#1030 = ORIENTED_EDGE ( 'NONE', *, *, #240, .F. ) ;
#1031 = CARTESIAN_POINT ( 'NONE',  ( 3.346456692913386500, 0.06250000000000000000, 3.346456692913386500 ) ) ;
#1032 = VERTEX_POINT ( 'NONE', #451 ) ;
#1033 = CARTESIAN_POINT ( 'NONE',  ( -3.425616739919469900, 0.8125000000000000000, -0.8684373587251089700 ) ) ;
#1034 = ORIENTED_EDGE ( 'NONE', *, *, #1629, .F. ) ;
#1035 = EDGE_CURVE ( 'NONE', #305, #1674, #902, .T. ) ;
#1036 = CARTESIAN_POINT ( 'NONE',  ( -3.346456692913386500, 0.06250000000000000000, -3.346456692913385700 ) ) ;
#1037 = ORIENTED_EDGE ( 'NONE', *, *, #440, .F. ) ;
#1038 = EDGE_CURVE ( 'NONE', #563, #1768, #1590, .T. ) ;
#1039 = CARTESIAN_POINT ( 'NONE',  ( -2.953371979235588400, 0.0000000000000000000, 3.096456692913387000 ) ) ;
#1040 = LINE ( 'NONE', #384, #845 ) ;
#1041 = CARTESIAN_POINT ( 'NONE',  ( -3.353371979235588700, 0.8125000000000000000, -1.087696295828978900 ) ) ;
#1042 = DIRECTION ( 'NONE',  ( 1.000000000000000000, 0.0000000000000000000, 0.0000000000000000000 ) ) ;
#1043 = FACE_OUTER_BOUND ( 'NONE', #681, .T. ) ;
#1044 = DIRECTION ( 'NONE',  ( -0.0000000000000000000, -0.0000000000000000000, -1.000000000000000000 ) ) ;
#1045 = DIRECTION ( 'NONE',  ( -0.0000000000000000000, -1.000000000000000000, -0.0000000000000000000 ) ) ;
#1046 = CIRCLE ( 'NONE', #1574, 0.07933070866141717100 ) ;
#1047 = DIRECTION ( 'NONE',  ( 0.0000000000000000000, 0.0000000000000000000, 1.000000000000000000 ) ) ;
#1048 = ADVANCED_FACE ( 'NONE', ( #1444 ), #771, .T. ) ;
#1049 = FACE_OUTER_BOUND ( 'NONE', #1645, .T. ) ;
#1050 = DIRECTION ( 'NONE',  ( 1.632680918566406500E-016, 0.0000000000000000000, 1.000000000000000000 ) ) ;
#1051 = CARTESIAN_POINT ( 'NONE',  ( -1.316440892519668000, 0.06250000000000000000, 0.9020399643638970000 ) ) ;
#1052 = EDGE_CURVE ( 'NONE', #1486, #1506, #49, .T. ) ;
#1053 = ORIENTED_EDGE ( 'NONE', *, *, #2001, .F. ) ;
#1054 = VERTEX_POINT ( 'NONE', #625 ) ;
#1055 = DIRECTION ( 'NONE',  ( -0.0000000000000000000, 1.000000000000000000, -0.0000000000000000000 ) ) ;
#1056 = ORIENTED_EDGE ( 'NONE', *, *, #849, .T. ) ;
#1057 = CARTESIAN_POINT ( 'NONE',  ( -1.316440892519668000, 0.0000000000000000000, 0.8227092557024797700 ) ) ;
#1058 = EDGE_LOOP ( 'NONE', ( #1501, #477, #1724, #1378 ) ) ;
#1059 = VERTEX_POINT ( 'NONE', #1873 ) ;
#1060 = PLANE ( 'NONE',  #417 ) ;
#1061 = CARTESIAN_POINT ( 'NONE',  ( -1.316440892519668000, 0.0000000000000000000, -2.050715941147914100 ) ) ;
#1062 = ORIENTED_EDGE ( 'NONE', *, *, #95, .F. ) ;
#1063 = EDGE_CURVE ( 'NONE', #974, #837, #93, .T. ) ;
#1064 = ORIENTED_EDGE ( 'NONE', *, *, #388, .F. ) ;
#1065 = DIRECTION ( 'NONE',  ( 1.000000000000000000, 0.0000000000000000000, 0.0000000000000000000 ) ) ;
#1066 = DIRECTION ( 'NONE',  ( -0.0000000000000000000, 1.000000000000000000, -0.0000000000000000000 ) ) ;
#1067 = EDGE_CURVE ( 'NONE', #109, #526, #1825, .T. ) ;
#1068 = CARTESIAN_POINT ( 'NONE',  ( 3.031773917531622500, 0.3125000000000000000, 1.302656038087674400 ) ) ;
#1069 = LINE ( 'NONE', #1930, #1391 ) ;
#1070 = VECTOR ( 'NONE', #1208, 39.37007874015748100 ) ;
#1071 = ADVANCED_FACE ( 'NONE', ( #366 ), #1163, .F. ) ;
#1072 = PLANE ( 'NONE',  #867 ) ;
#1073 = DIRECTION ( 'NONE',  ( 1.632680918566406500E-016, 0.0000000000000000000, 1.000000000000000000 ) ) ;
#1074 = LINE ( 'NONE', #420, #538 ) ;
#1075 = CYLINDRICAL_SURFACE ( 'NONE', #50, 0.07933070866141757300 ) ;
#1076 = VECTOR ( 'NONE', #1180, 39.37007874015748100 ) ;
#1077 = VERTEX_POINT ( 'NONE', #645 ) ;
#1078 = DIRECTION ( 'NONE',  ( -1.000000000000000000, -0.0000000000000000000, -0.0000000000000000000 ) ) ;
#1079 = EDGE_CURVE ( 'NONE', #526, #546, #466, .T. ) ;
#1080 = VERTEX_POINT ( 'NONE', #809 ) ;
#1081 = ADVANCED_FACE ( 'NONE', ( #757 ), #1259, .F. ) ;
#1082 = ORIENTED_EDGE ( 'NONE', *, *, #1109, .T. ) ;
#1083 = EDGE_LOOP ( 'NONE', ( #656, #207, #374, #835 ) ) ;
#1084 = PRODUCT_DEFINITION ( 'UNKNOWN', '', #142, #1242 ) ;
#1085 = VERTEX_POINT ( 'NONE', #964 ) ;
#1086 = ORIENTED_EDGE ( 'NONE', *, *, #1311, .F. ) ;
#1087 = EDGE_CURVE ( 'NONE', #17, #1502, #806, .T. ) ;
#1088 = ADVANCED_FACE ( 'NONE', ( #291 ), #22, .F. ) ;
#1089 =( CONVERSION_BASED_UNIT ( 'INCH', #705 ) LENGTH_UNIT ( ) NAMED_UNIT ( #1826 ) );
#1090 = CARTESIAN_POINT ( 'NONE',  ( -3.346456692913386500, 0.06250000000000000000, -3.346456692913385700 ) ) ;
#1091 = VECTOR ( 'NONE', #770, 39.37007874015748100 ) ;
#1092 = VECTOR ( 'NONE', #1008, 39.37007874015748100 ) ;
#1093 = CARTESIAN_POINT ( 'NONE',  ( -3.399821570848427800, 1.062500000000000000, 0.9071301123316827300 ) ) ;
#1094 = LINE ( 'NONE', #670, #1186 ) ;
#1095 = LINE ( 'NONE', #1971, #143 ) ;
#1096 = CARTESIAN_POINT ( 'NONE',  ( -3.503002247132598300, 1.062500000000000000, 0.7781542669764662800 ) ) ;
#1097 = CYLINDRICAL_SURFACE ( 'NONE', #139, 0.08000000000000023800 ) ;
#1098 = ORIENTED_EDGE ( 'NONE', *, *, #849, .F. ) ;
#1099 = EDGE_CURVE ( 'NONE', #285, #1032, #1421, .T. ) ;
#1100 = ORIENTED_EDGE ( 'NONE', *, *, #445, .T. ) ;
#1101 = DIRECTION ( 'NONE',  ( -0.0000000000000000000, 1.000000000000000000, -0.0000000000000000000 ) ) ;
#1102 = ORIENTED_EDGE ( 'NONE', *, *, #1696, .F. ) ;
#1103 = EDGE_CURVE ( 'NONE', #521, #180, #1284, .T. ) ;
#1104 = ORIENTED_EDGE ( 'NONE', *, *, #1381, .T. ) ;
#1105 = ORIENTED_EDGE ( 'NONE', *, *, #1519, .F. ) ;
#1106 = ORIENTED_EDGE ( 'NONE', *, *, #668, .F. ) ;
#1107 = ORIENTED_EDGE ( 'NONE', *, *, #1351, .T. ) ;
#1108 = DIRECTION ( 'NONE',  ( 0.0000000000000000000, 1.000000000000000000, 0.0000000000000000000 ) ) ;
#1109 = EDGE_CURVE ( 'NONE', #299, #350, #642, .T. ) ;
#1110 = CALENDAR_DATE ( 2017, 14, 3 ) ;
#1111 = FACE_OUTER_BOUND ( 'NONE', #1578, .T. ) ;
#1112 = DIRECTION ( 'NONE',  ( -1.000000000000000000, -0.0000000000000000000, -0.0000000000000000000 ) ) ;
#1113 = VECTOR ( 'NONE', #1771, 39.37007874015748100 ) ;
#1114 = DIRECTION ( 'NONE',  ( 0.0000000000000000000, 1.000000000000000000, 0.0000000000000000000 ) ) ;
#1115 = VECTOR ( 'NONE', #1042, 39.37007874015748100 ) ;
#1116 = CARTESIAN_POINT ( 'NONE',  ( -3.503002247132598300, 1.062500000000000000, 0.7781542669764662800 ) ) ;
#1117 = AXIS2_PLACEMENT_3D ( 'NONE', #1020, #1329, #373 ) ;
#1118 = FACE_OUTER_BOUND ( 'NONE', #704, .T. ) ;
#1119 = AXIS2_PLACEMENT_3D ( 'NONE', #932, #1732, #777 ) ;
#1120 = LINE ( 'NONE', #655, #145 ) ;
#1121 = EDGE_LOOP ( 'NONE', ( #1082, #699, #1792, #1963 ) ) ;
#1122 = CARTESIAN_POINT ( 'NONE',  ( -2.468625111026256000, 0.06250000000000000000, -3.237293718415891400 ) ) ;
#1123 = DIRECTION ( 'NONE',  ( -0.0000000000000000000, -1.000000000000000000, -0.0000000000000000000 ) ) ;
#1124 = ORIENTED_EDGE ( 'NONE', *, *, #823, .F. ) ;
#1125 = EDGE_CURVE ( 'NONE', #1296, #1077, #846, .T. ) ;
#1126 = VERTEX_POINT ( 'NONE', #815 ) ;
#1127 = CARTESIAN_POINT ( 'NONE',  ( 1.636315012992142700, 0.0000000000000000000, -2.050715941147914100 ) ) ;
#1128 = EDGE_CURVE ( 'NONE', #1552, #1988, #1237, .T. ) ;
#1129 = VERTEX_POINT ( 'NONE', #793 ) ;
#1130 = CARTESIAN_POINT ( 'NONE',  ( 3.146628020764411300, 0.06250000000000000000, -3.183543307086613700 ) ) ;
#1131 = ORIENTED_EDGE ( 'NONE', *, *, #1177, .F. ) ;
#1132 = DIRECTION ( 'NONE',  ( 0.0000000000000000000, -0.0000000000000000000, 1.000000000000000000 ) ) ;
#1133 = ORIENTED_EDGE ( 'NONE', *, *, #1992, .T. ) ;
#1134 = DATE_TIME_ROLE ( 'creation_date' ) ;
#1135 = CARTESIAN_POINT ( 'NONE',  ( -2.570918517413951500, 0.06250000000000000000, -2.325864411239042500 ) ) ;
#1136 = LINE ( 'NONE', #1435, #1440 ) ;
#1137 = DIRECTION ( 'NONE',  ( -1.000000000000000000, -0.0000000000000000000, -0.0000000000000000000 ) ) ;
#1138 = EDGE_CURVE ( 'NONE', #949, #1781, #1566, .T. ) ;
#1139 = FACE_OUTER_BOUND ( 'NONE', #349, .T. ) ;
#1140 = CARTESIAN_POINT ( 'NONE',  ( 1.636315012992142900, 0.0000000000000000000, 0.8227092557024789900 ) ) ;
#1141 = EDGE_CURVE ( 'NONE', #985, #1780, #944, .T. ) ;
#1142 = VECTOR ( 'NONE', #1891, 39.37007874015748100 ) ;
#1143 = APPROVAL_ROLE ( '' ) ;
#1144 = DIRECTION ( 'NONE',  ( 1.000000000000000000, 0.0000000000000000000, 0.0000000000000000000 ) ) ;
#1145 = VECTOR ( 'NONE', #1663, 39.37007874015748100 ) ;
#1146 = DIRECTION ( 'NONE',  ( 0.0000000000000000000, 0.0000000000000000000, 1.000000000000000000 ) ) ;
#1147 = CARTESIAN_POINT ( 'NONE',  ( -2.053371979235588500, 0.0000000000000000000, -3.183543307086613700 ) ) ;
#1148 = FACE_OUTER_BOUND ( 'NONE', #28, .T. ) ;
#1149 = VERTEX_POINT ( 'NONE', #1420 ) ;
#1150 = CARTESIAN_POINT ( 'NONE',  ( 3.146628020764411300, 0.0000000000000000000, 3.096456692913387000 ) ) ;
#1151 = EDGE_LOOP ( 'NONE', ( #1375, #105, #1913, #1402 ) ) ;
#1152 = ORIENTED_EDGE ( 'NONE', *, *, #1253, .T. ) ;
#1153 = DIRECTION ( 'NONE',  ( 0.0000000000000000000, 0.0000000000000000000, 1.000000000000000000 ) ) ;
#1154 = CARTESIAN_POINT ( 'NONE',  ( 3.346456692913385700, 0.06250000000000000000, -3.346456692913385700 ) ) ;
#1155 = EDGE_LOOP ( 'NONE', ( #854, #1676, #1844, #840 ) ) ;
#1156 = CARTESIAN_POINT ( 'NONE',  ( 1.636315012992142900, 0.0000000000000000000, 0.9020399643638965500 ) ) ;
#1157 = ORIENTED_EDGE ( 'NONE', *, *, #1138, .T. ) ;
#1158 = CARTESIAN_POINT ( 'NONE',  ( -2.953371979235588400, 0.06250000000000000000, 3.176456692913387100 ) ) ;
#1159 = ORIENTED_EDGE ( 'NONE', *, *, #954, .F. ) ;
#1160 = CARTESIAN_POINT ( 'NONE',  ( -3.399821570848427800, 0.06250000000000000000, 1.698181963843665900 ) ) ;
#1161 = CARTESIAN_POINT ( 'NONE',  ( -3.353371979235588700, 0.8125000000000000000, -2.325864411239042500 ) ) ;
#1162 = VECTOR ( 'NONE', #1050, 39.37007874015748100 ) ;
#1163 = CYLINDRICAL_SURFACE ( 'NONE', #408, 0.07933070866141717100 ) ;
#1164 = EDGE_CURVE ( 'NONE', #1486, #1555, #1687, .T. ) ;
#1165 = FACE_OUTER_BOUND ( 'NONE', #457, .T. ) ;
#1166 = EDGE_CURVE ( 'NONE', #275, #1874, #997, .T. ) ;
#1167 = LINE ( 'NONE', #654, #369 ) ;
#1168 = ORIENTED_EDGE ( 'NONE', *, *, #983, .F. ) ;
#1169 = DIRECTION ( 'NONE',  ( 1.000000000000000000, 0.0000000000000000000, 0.0000000000000000000 ) ) ;
#1170 = EDGE_LOOP ( 'NONE', ( #1859, #397 ) ) ;
#1171 = CARTESIAN_POINT ( 'NONE',  ( -2.570918517413951500, 0.8125000000000000000, -2.325864411239042500 ) ) ;
#1172 = ORIENTED_EDGE ( 'NONE', *, *, #633, .F. ) ;
#1173 = ORIENTED_EDGE ( 'NONE', *, *, #1980, .F. ) ;
#1174 = PLANE ( 'NONE',  #1472 ) ;
#1175 = EDGE_LOOP ( 'NONE', ( #980, #493, #1705, #83 ) ) ;
#1176 = CARTESIAN_POINT ( 'NONE',  ( -3.399821570848427800, 0.06250000000000000000, 0.9071301123316827300 ) ) ;
#1177 = EDGE_CURVE ( 'NONE', #1149, #1300, #24, .T. ) ;
#1178 = ORIENTED_EDGE ( 'NONE', *, *, #750, .F. ) ;
#1179 = CARTESIAN_POINT ( 'NONE',  ( -2.953371979235588400, 0.06250000000000000000, 3.016456692913386500 ) ) ;
#1180 = DIRECTION ( 'NONE',  ( -1.000000000000000000, 0.0000000000000000000, 0.0000000000000000000 ) ) ;
#1181 = ORIENTED_EDGE ( 'NONE', *, *, #1794, .F. ) ;
#1182 = AXIS2_PLACEMENT_3D ( 'NONE', #1116, #187, #1270 ) ;
#1183 = CARTESIAN_POINT ( 'NONE',  ( -3.503002247132598300, 0.06250000000000000000, 0.09028309174865362100 ) ) ;
#1184 = LINE ( 'NONE', #1777, #781 ) ;
#1185 = CYLINDRICAL_SURFACE ( 'NONE', #1598, 0.08000000000000023800 ) ;
#1186 = VECTOR ( 'NONE', #1756, 39.37007874015748100 ) ;
#1187 = DIRECTION ( 'NONE',  ( -0.0000000000000000000, -1.000000000000000000, -0.0000000000000000000 ) ) ;
#1188 = DIRECTION ( 'NONE',  ( 1.000000000000000000, 0.0000000000000000000, 0.0000000000000000000 ) ) ;
#1189 = LINE ( 'NONE', #877, #51 ) ;
#1190 = CARTESIAN_POINT ( 'NONE',  ( -3.353371979235588700, 0.8125000000000000000, -2.325864411239042500 ) ) ;
#1191 = FACE_OUTER_BOUND ( 'NONE', #605, .T. ) ;
#1192 = DIRECTION ( 'NONE',  ( -1.632680918566406500E-016, -0.0000000000000000000, -1.000000000000000000 ) ) ;
#1193 = ORIENTED_EDGE ( 'NONE', *, *, #1125, .T. ) ;
#1194 = DIRECTION ( 'NONE',  ( 1.000000000000000000, 0.0000000000000000000, -0.0000000000000000000 ) ) ;
#1195 = ORIENTED_EDGE ( 'NONE', *, *, #1267, .T. ) ;
#1196 = AXIS2_PLACEMENT_3D ( 'NONE', #1407, #21, #1563 ) ;
#1197 = ORIENTED_EDGE ( 'NONE', *, *, #1722, .F. ) ;
#1198 = ADVANCED_FACE ( 'NONE', ( #1924 ), #191, .F. ) ;
#1199 = ORIENTED_EDGE ( 'NONE', *, *, #1279, .T. ) ;
#1200 = DIRECTION ( 'NONE',  ( 1.000000000000000000, 0.0000000000000000000, -0.0000000000000000000 ) ) ;
#1201 = VERTEX_POINT ( 'NONE', #1577 ) ;
#1202 = EDGE_CURVE ( 'NONE', #725, #305, #167, .T. ) ;
#1203 = CARTESIAN_POINT ( 'NONE',  ( -3.353371979235588700, 0.8125000000000000000, -2.325864411239042500 ) ) ;
#1204 = ORIENTED_EDGE ( 'NONE', *, *, #1839, .F. ) ;
#1205 = EDGE_CURVE ( 'NONE', #985, #1642, #1471, .T. ) ;
#1206 = DIRECTION ( 'NONE',  ( 0.0000000000000000000, 0.0000000000000000000, 1.000000000000000000 ) ) ;
#1207 = DIRECTION ( 'NONE',  ( 0.0000000000000000000, 0.0000000000000000000, 1.000000000000000000 ) ) ;
#1208 = DIRECTION ( 'NONE',  ( -0.0000000000000000000, -0.0000000000000000000, -1.000000000000000000 ) ) ;
#1209 = AXIS2_PLACEMENT_3D ( 'NONE', #296, #470, #778 ) ;
#1210 = CARTESIAN_POINT ( 'NONE',  ( -2.385211587387403100, 0.06250000000000000000, 0.7781542669764662800 ) ) ;
#1211 = DIRECTION ( 'NONE',  ( -0.0000000000000000000, -1.000000000000000000, -0.0000000000000000000 ) ) ;
#1212 = LINE ( 'NONE', #57, #1331 ) ;
#1213 = LINE ( 'NONE', #1470, #1882 ) ;
#1214 = DIRECTION ( 'NONE',  ( 0.0000000000000000000, 0.0000000000000000000, 1.000000000000000000 ) ) ;
#1215 = EDGE_CURVE ( 'NONE', #1781, #949, #1363, .T. ) ;
#1216 = LINE ( 'NONE', #786, #903 ) ;
#1217 = CARTESIAN_POINT ( 'NONE',  ( 3.031773917531622500, 0.06250000000000000000, 1.302656038087674400 ) ) ;
#1218 = LINE ( 'NONE', #1514, #473 ) ;
#1219 = ADVANCED_FACE ( 'NONE', ( #1661 ), #1475, .F. ) ;
#1220 = DIRECTION ( 'NONE',  ( 0.0000000000000000000, 0.0000000000000000000, 1.000000000000000000 ) ) ;
#1221 = EDGE_LOOP ( 'NONE', ( #1694, #1086, #1012, #13 ) ) ;
#1222 = AXIS2_PLACEMENT_3D ( 'NONE', #1790, #82, #1153 ) ;
#1223 = ORIENTED_EDGE ( 'NONE', *, *, #1533, .F. ) ;
#1224 = CARTESIAN_POINT ( 'NONE',  ( 2.842609344343975100, 0.3125000000000000000, -2.738587116375727600 ) ) ;
#1225 = EDGE_LOOP ( 'NONE', ( #41, #1410, #801, #130, #1411 ) ) ;
#1226 = AXIS2_PLACEMENT_3D ( 'NONE', #1236, #327, #1872 ) ;
#1227 = VERTEX_POINT ( 'NONE', #216 ) ;
#1228 = ORIENTED_EDGE ( 'NONE', *, *, #556, .T. ) ;
#1229 = ADVANCED_FACE ( 'NONE', ( #267 ), #677, .F. ) ;
#1230 = ORIENTED_EDGE ( 'NONE', *, *, #483, .T. ) ;
#1231 = CARTESIAN_POINT ( 'NONE',  ( -3.399821570848427800, 1.062500000000000000, 0.9071301123316827300 ) ) ;
#1232 = EDGE_CURVE ( 'NONE', #1300, #257, #1094, .T. ) ;
#1233 = FACE_BOUND ( 'NONE', #1743, .T. ) ;
#1234 = CARTESIAN_POINT ( 'NONE',  ( -3.503002247132598300, 0.06250000000000000000, 0.7781542669764662800 ) ) ;
#1235 = AXIS2_PLACEMENT_3D ( 'NONE', #1041, #1765, #1782 ) ;
#1236 = CARTESIAN_POINT ( 'NONE',  ( -1.316440892519668000, 0.0000000000000000000, 0.9020399643638970000 ) ) ;
#1237 = CIRCLE ( 'NONE', #1315, 0.08000000000000023800 ) ;
#1238 = ADVANCED_FACE ( 'NONE', ( #828 ), #199, .F. ) ;
#1239 = VECTOR ( 'NONE', #1643, 39.37007874015748100 ) ;
#1240 = EDGE_CURVE ( 'NONE', #634, #818, #688, .T. ) ;
#1241 = VECTOR ( 'NONE', #1987, 39.37007874015748100 ) ;
#1242 = DESIGN_CONTEXT ( 'detailed design', #208, 'design' ) ;
#1243 = DIRECTION ( 'NONE',  ( 0.0000000000000000000, 1.000000000000000000, 0.0000000000000000000 ) ) ;
#1244 = ORIENTED_EDGE ( 'NONE', *, *, #1215, .T. ) ;
#1245 = EDGE_CURVE ( 'NONE', #818, #813, #1635, .T. ) ;
#1246 = ORIENTED_EDGE ( 'NONE', *, *, #660, .F. ) ;
#1247 = CARTESIAN_POINT ( 'NONE',  ( 3.289725608242054300, 0.06250000000000000000, -2.738587116375727600 ) ) ;
#1248 = ORIENTED_EDGE ( 'NONE', *, *, #129, .F. ) ;
#1249 = ORIENTED_EDGE ( 'NONE', *, *, #1138, .F. ) ;
#1250 = DIRECTION ( 'NONE',  ( 0.0000000000000000000, 0.0000000000000000000, 1.000000000000000000 ) ) ;
#1251 = VERTEX_POINT ( 'NONE', #1915 ) ;
#1252 = ORIENTED_EDGE ( 'NONE', *, *, #192, .F. ) ;
#1253 = EDGE_CURVE ( 'NONE', #885, #1552, #1589, .T. ) ;
#1254 = DIRECTION ( 'NONE',  ( 0.0000000000000000000, 0.0000000000000000000, 1.000000000000000000 ) ) ;
#1255 = CYLINDRICAL_SURFACE ( 'NONE', #16, 0.07933070866141757300 ) ;
#1256 = VECTOR ( 'NONE', #509, 39.37007874015748100 ) ;
#1257 = LINE ( 'NONE', #1828, #1546 ) ;
#1258 = CARTESIAN_POINT ( 'NONE',  ( 3.031773917531622500, 0.3125000000000000000, 2.196888565883830400 ) ) ;
#1259 = PLANE ( 'NONE',  #1947 ) ;
#1260 = VECTOR ( 'NONE', #171, 39.37007874015748100 ) ;
#1261 = CARTESIAN_POINT ( 'NONE',  ( 3.031773917531622500, 0.06250000000000000000, 2.196888565883830400 ) ) ;
#1262 = CARTESIAN_POINT ( 'NONE',  ( -2.651761667788180800, 0.8125000000000000000, 0.0000000000000000000 ) ) ;
#1263 = ORIENTED_EDGE ( 'NONE', *, *, #1890, .T. ) ;
#1264 = EDGE_CURVE ( 'NONE', #1986, #305, #1520, .T. ) ;
#1265 = ORIENTED_EDGE ( 'NONE', *, *, #1835, .T. ) ;
#1266 = VERTEX_POINT ( 'NONE', #1297 ) ;
#1267 = EDGE_CURVE ( 'NONE', #253, #551, #414, .T. ) ;
#1268 = ORIENTED_EDGE ( 'NONE', *, *, #403, .T. ) ;
#1269 = DIRECTION ( 'NONE',  ( 0.0000000000000000000, 0.0000000000000000000, 1.000000000000000000 ) ) ;
#1270 = DIRECTION ( 'NONE',  ( -1.000000000000000000, 0.0000000000000000000, -0.0000000000000000000 ) ) ;
#1271 = ORIENTED_EDGE ( 'NONE', *, *, #162, .F. ) ;
#1272 = ORIENTED_EDGE ( 'NONE', *, *, #1942, .T. ) ;
#1273 = CARTESIAN_POINT ( 'NONE',  ( -2.299227690483926200, 1.062500000000000000, 0.9071301123316827300 ) ) ;
#1274 = CARTESIAN_POINT ( 'NONE',  ( 3.346456692913385700, 0.06250000000000000000, -3.346456692913385700 ) ) ;
#1275 = EDGE_LOOP ( 'NONE', ( #1888, #84, #154, #499 ) ) ;
#1276 = EDGE_CURVE ( 'NONE', #1986, #1525, #1881, .T. ) ;
#1277 = APPROVAL_PERSON_ORGANIZATION ( #1683, #1288, #1143 ) ;
#1278 = FACE_BOUND ( 'NONE', #763, .T. ) ;
#1279 = EDGE_CURVE ( 'NONE', #223, #974, #708, .T. ) ;
#1280 =( NAMED_UNIT ( * ) SI_UNIT ( $, .STERADIAN. ) SOLID_ANGLE_UNIT ( ) );
#1281 = DIRECTION ( 'NONE',  ( 0.0000000000000000000, 0.0000000000000000000, -1.000000000000000000 ) ) ;
#1282 = LINE ( 'NONE', #87, #1092 ) ;
#1283 = DIRECTION ( 'NONE',  ( 0.0000000000000000000, 0.0000000000000000000, 1.000000000000000000 ) ) ;
#1284 = LINE ( 'NONE', #336, #69 ) ;
#1285 = CARTESIAN_POINT ( 'NONE',  ( -3.346456692913386500, 0.0000000000000000000, -3.346456692913385700 ) ) ;
#1286 = EDGE_CURVE ( 'NONE', #1668, #427, #1543, .T. ) ;
#1287 = VECTOR ( 'NONE', #545, 39.37007874015748100 ) ;
#1288 = APPROVAL ( #508, 'UNSPECIFIED' ) ;
#1289 = APPROVAL_ROLE ( '' ) ;
#1290 = LINE ( 'NONE', #1644, #1076 ) ;
#1291 = DIRECTION ( 'NONE',  ( -1.000000000000000000, 0.0000000000000000000, -0.0000000000000000000 ) ) ;
#1292 = ORIENTED_EDGE ( 'NONE', *, *, #1232, .F. ) ;
#1293 = CARTESIAN_POINT ( 'NONE',  ( 3.146628020764411300, 0.0000000000000000000, 3.096456692913387000 ) ) ;
#1294 = ORIENTED_EDGE ( 'NONE', *, *, #821, .F. ) ;
#1295 = EDGE_CURVE ( 'NONE', #1957, #1227, #1491, .T. ) ;
#1296 = VERTEX_POINT ( 'NONE', #836 ) ;
#1297 = CARTESIAN_POINT ( 'NONE',  ( -3.346456692913386100, 0.06250000000000000000, 0.7781542669764662800 ) ) ;
#1298 = ORIENTED_EDGE ( 'NONE', *, *, #337, .F. ) ;
#1299 = CARTESIAN_POINT ( 'NONE',  ( 3.272528828861360300, 0.06250000000000000000, 2.196888565883830400 ) ) ;
#1300 = VERTEX_POINT ( 'NONE', #252 ) ;
#1301 = DIRECTION ( 'NONE',  ( -0.0000000000000000000, -1.000000000000000000, -0.0000000000000000000 ) ) ;
#1302 = PRODUCT_RELATED_PRODUCT_CATEGORY ( 'detail', '', ( #246 ) ) ;
#1303 = ORIENTED_EDGE ( 'NONE', *, *, #1629, .T. ) ;
#1304 = VERTEX_POINT ( 'NONE', #871 ) ;
#1305 = DIRECTION ( 'NONE',  ( -1.000000000000000000, -0.0000000000000000000, -0.0000000000000000000 ) ) ;
#1306 = CARTESIAN_POINT ( 'NONE',  ( 3.146628020764411300, 0.0000000000000000000, -3.023543307086613600 ) ) ;
#1307 = LOCAL_TIME ( 19, 10, 27.00000000000000000, #112 ) ;
#1308 = LINE ( 'NONE', #1697, #531 ) ;
#1309 = FACE_BOUND ( 'NONE', #1938, .T. ) ;
#1310 = DIRECTION ( 'NONE',  ( -1.000000000000000000, 0.0000000000000000000, 0.0000000000000000000 ) ) ;
#1311 = EDGE_CURVE ( 'NONE', #905, #834, #341, .T. ) ;
#1312 = CARTESIAN_POINT ( 'NONE',  ( 3.272528828861360300, 0.3125000000000000000, 1.302656038087674400 ) ) ;
#1313 = VECTOR ( 'NONE', #1745, 39.37007874015748100 ) ;
#1314 = CARTESIAN_POINT ( 'NONE',  ( 3.289725608242054300, 0.06250000000000000000, -0.8125478257378514500 ) ) ;
#1315 = AXIS2_PLACEMENT_3D ( 'NONE', #1588, #1726, #659 ) ;
#1316 = VECTOR ( 'NONE', #59, 39.37007874015748100 ) ;
#1317 = ORIENTED_EDGE ( 'NONE', *, *, #585, .T. ) ;
#1318 = DIRECTION ( 'NONE',  ( -1.000000000000000000, 0.0000000000000000000, -0.0000000000000000000 ) ) ;
#1319 = DIRECTION ( 'NONE',  ( 0.0000000000000000000, 0.0000000000000000000, 1.000000000000000000 ) ) ;
#1320 = EDGE_LOOP ( 'NONE', ( #1193, #1575, #1893, #409, #479, #2006, #1758, #1352, #259, #402, #1387, #1788, #1759, #186, #1064, #1737, #1404, #824, #404, #1062, #454, #356, #1910, #792 ) ) ;
#1321 = ORIENTED_EDGE ( 'NONE', *, *, #11, .T. ) ;
#1322 = CARTESIAN_POINT ( 'NONE',  ( -2.053371979235588500, 0.06250000000000000000, -3.183543307086613700 ) ) ;
#1323 = EDGE_LOOP ( 'NONE', ( #576, #382, #182, #1181 ) ) ;
#1324 = CARTESIAN_POINT ( 'NONE',  ( -2.651761667788180800, 0.8125000000000000000, -0.8684373587251089700 ) ) ;
#1325 = ORIENTED_EDGE ( 'NONE', *, *, #1267, .F. ) ;
#1326 = CARTESIAN_POINT ( 'NONE',  ( 3.346456692913385700, 0.06250000000000000000, -3.346456692913385700 ) ) ;
#1327 = ORIENTED_EDGE ( 'NONE', *, *, #1240, .T. ) ;
#1328 = EDGE_CURVE ( 'NONE', #350, #634, #1418, .T. ) ;
#1329 = DIRECTION ( 'NONE',  ( 1.000000000000000000, 0.0000000000000000000, -1.632680918566406500E-016 ) ) ;
#1330 = DATE_AND_TIME ( #1110, #1439 ) ;
#1331 = VECTOR ( 'NONE', #838, 39.37007874015748100 ) ;
#1332 = ADVANCED_FACE ( 'NONE', ( #1139 ), #1653, .F. ) ;
#1333 = CARTESIAN_POINT ( 'NONE',  ( 3.146628020764411300, 0.0000000000000000000, -3.183543307086613700 ) ) ;
#1334 = VECTOR ( 'NONE', #266, 39.37007874015748100 ) ;
#1335 = EDGE_CURVE ( 'NONE', #1266, #1885, #1850, .T. ) ;
#1336 = FACE_OUTER_BOUND ( 'NONE', #1964, .T. ) ;
#1337 = DIRECTION ( 'NONE',  ( -0.0000000000000000000, -1.000000000000000000, -0.0000000000000000000 ) ) ;
#1338 = EDGE_CURVE ( 'NONE', #1642, #1941, #1282, .T. ) ;
#1339 = FACE_OUTER_BOUND ( 'NONE', #1275, .T. ) ;
#1340 = CARTESIAN_POINT ( 'NONE',  ( -3.425616739919469900, 0.8125000000000000000, -0.8684373587251089700 ) ) ;
#1341 = VECTOR ( 'NONE', #1358, 39.37007874015748100 ) ;
#1342 = PLANE ( 'NONE',  #775 ) ;
#1343 = FACE_OUTER_BOUND ( 'NONE', #1221, .T. ) ;
#1344 = ADVANCED_FACE ( 'NONE', ( #91 ), #74, .F. ) ;
#1345 = DIRECTION ( 'NONE',  ( -1.000000000000000000, 0.0000000000000000000, 0.0000000000000000000 ) ) ;
#1346 = VERTEX_POINT ( 'NONE', #701 ) ;
#1347 = CARTESIAN_POINT ( 'NONE',  ( 3.146628020764411300, 0.0000000000000000000, -3.023543307086613600 ) ) ;
#1348 = VERTEX_POINT ( 'NONE', #1639 ) ;
#1349 = CARTESIAN_POINT ( 'NONE',  ( 2.842609344343975100, 0.3125000000000000000, -2.738587116375727600 ) ) ;
#1350 = ORIENTED_EDGE ( 'NONE', *, *, #1640, .T. ) ;
#1351 = EDGE_CURVE ( 'NONE', #1129, #1304, #1442, .T. ) ;
#1352 = ORIENTED_EDGE ( 'NONE', *, *, #1880, .F. ) ;
#1353 = ORIENTED_EDGE ( 'NONE', *, *, #823, .T. ) ;
#1354 = CARTESIAN_POINT ( 'NONE',  ( -3.503002247132598300, 1.062500000000000000, 0.7781542669764662800 ) ) ;
#1355 = AXIS2_PLACEMENT_3D ( 'NONE', #1293, #30, #1269 ) ;
#1356 = CARTESIAN_POINT ( 'NONE',  ( -3.346456692913386500, 0.06250000000000000000, -3.346456692913385700 ) ) ;
#1357 = CARTESIAN_POINT ( 'NONE',  ( 3.272528828861360300, 0.06250000000000000000, 1.302656038087674400 ) ) ;
#1358 = DIRECTION ( 'NONE',  ( 0.0000000000000000000, 0.0000000000000000000, 1.000000000000000000 ) ) ;
#1359 = LINE ( 'NONE', #1558, #579 ) ;
#1360 = DIRECTION ( 'NONE',  ( -0.0000000000000000000, -0.0000000000000000000, -1.000000000000000000 ) ) ;
#1361 = CARTESIAN_POINT ( 'NONE',  ( -3.399821570848427800, 0.06250000000000000000, 0.9071301123316827300 ) ) ;
#1362 = FACE_OUTER_BOUND ( 'NONE', #1175, .T. ) ;
#1363 = CIRCLE ( 'NONE', #196, 0.07933070866141743400 ) ;
#1364 = CARTESIAN_POINT ( 'NONE',  ( -3.353371979235588700, 0.06250000000000000000, -1.087696295828978900 ) ) ;
#1365 = DIRECTION ( 'NONE',  ( 0.0000000000000000000, 0.0000000000000000000, 1.000000000000000000 ) ) ;
#1366 = VECTOR ( 'NONE', #599, 39.37007874015748100 ) ;
#1367 = ADVANCED_FACE ( 'NONE', ( #1043 ), #853, .F. ) ;
#1368 = CYLINDRICAL_SURFACE ( 'NONE', #607, 0.07933070866141717100 ) ;
#1369 = DIRECTION ( 'NONE',  ( 1.632680918566406500E-016, 0.0000000000000000000, 1.000000000000000000 ) ) ;
#1370 = DIRECTION ( 'NONE',  ( -0.0000000000000000000, -1.000000000000000000, -0.0000000000000000000 ) ) ;
#1371 = ORIENTED_EDGE ( 'NONE', *, *, #1677, .T. ) ;
#1372 = CARTESIAN_POINT ( 'NONE',  ( -2.385211587387403100, 1.062500000000000000, 0.7781542669764662800 ) ) ;
#1373 = ORIENTED_EDGE ( 'NONE', *, *, #969, .F. ) ;
#1374 = CARTESIAN_POINT ( 'NONE',  ( 3.031773917531622500, 0.3125000000000000000, 1.302656038087674400 ) ) ;
#1375 = ORIENTED_EDGE ( 'NONE', *, *, #530, .T. ) ;
#1376 = DIRECTION ( 'NONE',  ( 0.0000000000000000000, 1.000000000000000000, 0.0000000000000000000 ) ) ;
#1377 = CARTESIAN_POINT ( 'NONE',  ( -3.346456692913386500, 0.06250000000000000000, -3.346456692913385700 ) ) ;
#1378 = ORIENTED_EDGE ( 'NONE', *, *, #146, .T. ) ;
#1379 = CARTESIAN_POINT ( 'NONE',  ( -3.380054418203108000, 0.8125000000000000000, -3.237293718415891400 ) ) ;
#1380 = EDGE_LOOP ( 'NONE', ( #1736, #1272 ) ) ;
#1381 = EDGE_CURVE ( 'NONE', #1988, #1552, #534, .T. ) ;
#1382 = ADVANCED_FACE ( 'NONE', ( #315 ), #827, .F. ) ;
#1383 = CARTESIAN_POINT ( 'NONE',  ( -2.299227690483926200, 1.062500000000000000, 0.9071301123316827300 ) ) ;
#1384 = EDGE_LOOP ( 'NONE', ( #935, #251, #624, #235 ) ) ;
#1385 = EDGE_CURVE ( 'NONE', #702, #905, #487, .T. ) ;
#1386 = CARTESIAN_POINT ( 'NONE',  ( -1.316440892519668000, 0.06250000000000000000, -2.050715941147914100 ) ) ;
#1387 = ORIENTED_EDGE ( 'NONE', *, *, #1099, .F. ) ;
#1388 = CARTESIAN_POINT ( 'NONE',  ( 3.031773917531622500, 0.06250000000000000000, 1.302656038087674400 ) ) ;
#1389 = DIRECTION ( 'NONE',  ( -0.0000000000000000000, -0.0000000000000000000, -1.000000000000000000 ) ) ;
#1390 = DIRECTION ( 'NONE',  ( -0.0000000000000000000, 1.000000000000000000, -0.0000000000000000000 ) ) ;
#1391 = VECTOR ( 'NONE', #371, 39.37007874015748100 ) ;
#1392 = FACE_BOUND ( 'NONE', #476, .T. ) ;
#1393 = ADVANCED_FACE ( 'NONE', ( #995 ), #941, .F. ) ;
#1394 = DIRECTION ( 'NONE',  ( -0.0000000000000000000, -0.0000000000000000000, -1.000000000000000000 ) ) ;
#1395 = LINE ( 'NONE', #218, #71 ) ;
#1396 = VECTOR ( 'NONE', #241, 39.37007874015748100 ) ;
#1397 = CARTESIAN_POINT ( 'NONE',  ( 1.636315012992142700, 0.0000000000000000000, -1.971385232486496700 ) ) ;
#1398 = DIRECTION ( 'NONE',  ( 0.0000000000000000000, 0.0000000000000000000, 1.000000000000000000 ) ) ;
#1399 = EDGE_CURVE ( 'NONE', #747, #634, #729, .T. ) ;
#1400 = LINE ( 'NONE', #435, #646 ) ;
#1401 = DIRECTION ( 'NONE',  ( -1.000000000000000000, -0.0000000000000000000, -0.0000000000000000000 ) ) ;
#1402 = ORIENTED_EDGE ( 'NONE', *, *, #1722, .T. ) ;
#1403 = AXIS2_PLACEMENT_3D ( 'NONE', #1815, #1667, #1318 ) ;
#1404 = ORIENTED_EDGE ( 'NONE', *, *, #875, .T. ) ;
#1405 = ADVANCED_FACE ( 'NONE', ( #1728 ), #438, .F. ) ;
#1406 = UNCERTAINTY_MEASURE_WITH_UNIT (LENGTH_MEASURE( 1.000000000000000100E-005 ), #1089, 'distance_accuracy_value', 'NONE');
#1407 = CARTESIAN_POINT ( 'NONE',  ( 1.636315012992142700, 0.06250000000000000000, -2.050715941147914100 ) ) ;
#1408 = DIRECTION ( 'NONE',  ( -0.0000000000000000000, 1.000000000000000000, -0.0000000000000000000 ) ) ;
#1409 = VERTEX_POINT ( 'NONE', #1347 ) ;
#1410 = ORIENTED_EDGE ( 'NONE', *, *, #86, .F. ) ;
#1411 = ORIENTED_EDGE ( 'NONE', *, *, #1264, .T. ) ;
#1412 = EDGE_CURVE ( 'NONE', #427, #1668, #118, .T. ) ;
#1413 = ORIENTED_EDGE ( 'NONE', *, *, #543, .F. ) ;
#1414 = DIRECTION ( 'NONE',  ( 0.0000000000000000000, 0.0000000000000000000, 1.000000000000000000 ) ) ;
#1415 = CARTESIAN_POINT ( 'NONE',  ( 0.0000000000000000000, 1.062500000000000000, 0.0000000000000000000 ) ) ;
#1416 = ADVANCED_FACE ( 'NONE', ( #1708 ), #1185, .F. ) ;
#1417 = PERSON_AND_ORGANIZATION ( #406, #1945 ) ;
#1418 = LINE ( 'NONE', #863, #968 ) ;
#1419 = CARTESIAN_POINT ( 'NONE',  ( 0.0000000000000000000, 0.0000000000000000000, 0.0000000000000000000 ) ) ;
#1420 = CARTESIAN_POINT ( 'NONE',  ( 3.146628020764411300, 0.0000000000000000000, 3.016456692913386500 ) ) ;
#1421 = LINE ( 'NONE', #950, #490 ) ;
#1422 = LINE ( 'NONE', #1996, #945 ) ;
#1423 = CARTESIAN_POINT ( 'NONE',  ( 1.636315012992142900, 0.0000000000000000000, 0.9813706730253141100 ) ) ;
#1424 = LINE ( 'NONE', #311, #973 ) ;
#1425 = DIRECTION ( 'NONE',  ( 1.000000000000000000, 0.0000000000000000000, 0.0000000000000000000 ) ) ;
#1426 = ORIENTED_EDGE ( 'NONE', *, *, #565, .T. ) ;
#1427 = DIRECTION ( 'NONE',  ( 0.0000000000000000000, 0.0000000000000000000, 1.000000000000000000 ) ) ;
#1428 = EDGE_CURVE ( 'NONE', #133, #774, #614, .T. ) ;
#1429 = EDGE_LOOP ( 'NONE', ( #1985, #1152, #1917, #422 ) ) ;
#1430 = EDGE_LOOP ( 'NONE', ( #230, #595, #1172, #103 ) ) ;
#1431 = AXIS2_PLACEMENT_3D ( 'NONE', #1879, #164, #650 ) ;
#1432 = EDGE_LOOP ( 'NONE', ( #1413, #1436 ) ) ;
#1433 = CARTESIAN_POINT ( 'NONE',  ( 3.289725608242054300, 0.3125000000000000000, -2.738587116375727600 ) ) ;
#1434 = ORIENTED_EDGE ( 'NONE', *, *, #1533, .T. ) ;
#1435 = CARTESIAN_POINT ( 'NONE',  ( -3.380054418203108000, 0.06250000000000000000, -2.497832205045992500 ) ) ;
#1436 = ORIENTED_EDGE ( 'NONE', *, *, #1038, .F. ) ;
#1437 = CARTESIAN_POINT ( 'NONE',  ( -3.503002247132598300, 1.062500000000000000, 0.09028309174865362100 ) ) ;
#1438 = DIRECTION ( 'NONE',  ( 1.000000000000000000, 0.0000000000000000000, -0.0000000000000000000 ) ) ;
#1439 = LOCAL_TIME ( 19, 10, 27.00000000000000000, #411 ) ;
#1440 = VECTOR ( 'NONE', #495, 39.37007874015748100 ) ;
#1441 = AXIS2_PLACEMENT_3D ( 'NONE', #1830, #1376, #1206 ) ;
#1442 = CIRCLE ( 'NONE', #1798, 0.07933070866141757300 ) ;
#1443 = CC_DESIGN_APPROVAL ( #746, ( #1084 ) ) ;
#1444 = FACE_OUTER_BOUND ( 'NONE', #383, .T. ) ;
#1445 = APPLICATION_PROTOCOL_DEFINITION ( 'international standard', 'config_control_design', 1994, #808 ) ;
#1446 = CARTESIAN_POINT ( 'NONE',  ( -3.399821570848427800, 1.062500000000000000, 0.9071301123316827300 ) ) ;
#1447 = LINE ( 'NONE', #685, #621 ) ;
#1448 = DIRECTION ( 'NONE',  ( 0.0000000000000000000, 1.000000000000000000, 0.0000000000000000000 ) ) ;
#1449 = CYLINDRICAL_SURFACE ( 'NONE', #1014, 0.08000000000000023800 ) ;
#1450 = EDGE_CURVE ( 'NONE', #1251, #1674, #866, .T. ) ;
#1451 = ORIENTED_EDGE ( 'NONE', *, *, #1412, .F. ) ;
#1452 = CARTESIAN_POINT ( 'NONE',  ( -3.346456692913385700, 0.06250000000000000000, 3.346456692913386500 ) ) ;
#1453 = ORIENTED_EDGE ( 'NONE', *, *, #1901, .F. ) ;
#1454 = EDGE_CURVE ( 'NONE', #1867, #81, #557, .T. ) ;
#1455 = DIRECTION ( 'NONE',  ( -0.0000000000000000000, -1.000000000000000000, -0.0000000000000000000 ) ) ;
#1456 = ORIENTED_EDGE ( 'NONE', *, *, #48, .F. ) ;
#1457 = PLANE ( 'NONE',  #1117 ) ;
#1458 = ORIENTED_EDGE ( 'NONE', *, *, #124, .T. ) ;
#1459 = ORIENTED_EDGE ( 'NONE', *, *, #23, .T. ) ;
#1460 = APPROVAL_STATUS ( 'not_yet_approved' ) ;
#1461 = CARTESIAN_POINT ( 'NONE',  ( 2.842609344343975100, 0.06250000000000000000, -2.738587116375727600 ) ) ;
#1462 = DIRECTION ( 'NONE',  ( 1.000000000000000000, 0.0000000000000000000, 0.0000000000000000000 ) ) ;
#1463 = EDGE_LOOP ( 'NONE', ( #177, #1002 ) ) ;
#1464 = DIRECTION ( 'NONE',  ( 0.0000000000000000000, -0.0000000000000000000, 1.000000000000000000 ) ) ;
#1465 = VECTOR ( 'NONE', #141, 39.37007874015748100 ) ;
#1466 = EDGE_CURVE ( 'NONE', #546, #1561, #140, .T. ) ;
#1467 = DIRECTION ( 'NONE',  ( 0.0000000000000000000, 0.0000000000000000000, 1.000000000000000000 ) ) ;
#1468 = FACE_OUTER_BOUND ( 'NONE', #102, .T. ) ;
#1469 = VECTOR ( 'NONE', #1192, 39.37007874015748100 ) ;
#1470 = CARTESIAN_POINT ( 'NONE',  ( -3.380054418203108000, 0.8125000000000000000, -2.497832205045992500 ) ) ;
#1471 = LINE ( 'NONE', #1273, #1256 ) ;
#1472 = AXIS2_PLACEMENT_3D ( 'NONE', #553, #399, #1494 ) ;
#1473 = VECTOR ( 'NONE', #703, 39.37007874015748100 ) ;
#1474 = VECTOR ( 'NONE', #348, 39.37007874015748100 ) ;
#1475 = PLANE ( 'NONE',  #1536 ) ;
#1476 = PLANE ( 'NONE',  #234 ) ;
#1477 = ORIENTED_EDGE ( 'NONE', *, *, #467, .T. ) ;
#1478 = PLANE ( 'NONE',  #1647 ) ;
#1479 = ORIENTED_EDGE ( 'NONE', *, *, #767, .T. ) ;
#1480 = DIRECTION ( 'NONE',  ( 0.0000000000000000000, 0.0000000000000000000, 1.000000000000000000 ) ) ;
#1481 = ORIENTED_EDGE ( 'NONE', *, *, #1734, .T. ) ;
#1482 = CARTESIAN_POINT ( 'NONE',  ( -3.503002247132598300, 0.06250000000000000000, 0.7781542669764662800 ) ) ;
#1483 = ORIENTED_EDGE ( 'NONE', *, *, #1103, .T. ) ;
#1484 = PLANE ( 'NONE',  #342 ) ;
#1485 = ORIENTED_EDGE ( 'NONE', *, *, #954, .T. ) ;
#1486 = VERTEX_POINT ( 'NONE', #1354 ) ;
#1487 = ORIENTED_EDGE ( 'NONE', *, *, #403, .F. ) ;
#1488 = VECTOR ( 'NONE', #517, 39.37007874015748100 ) ;
#1489 = DIRECTION ( 'NONE',  ( -1.000000000000000000, 0.0000000000000000000, 0.0000000000000000000 ) ) ;
#1490 = EDGE_CURVE ( 'NONE', #1080, #876, #1750, .T. ) ;
#1491 = LINE ( 'NONE', #1340, #1922 ) ;
#1492 = DIRECTION ( 'NONE',  ( 1.632680918566406500E-016, 0.0000000000000000000, 1.000000000000000000 ) ) ;
#1493 = CIRCLE ( 'NONE', #1958, 0.08000000000000023800 ) ;
#1494 = DIRECTION ( 'NONE',  ( 0.0000000000000000000, -0.0000000000000000000, 1.000000000000000000 ) ) ;
#1495 = CARTESIAN_POINT ( 'NONE',  ( -2.468625111026256000, 0.8125000000000000000, -3.237293718415891400 ) ) ;
#1496 = AXIS2_PLACEMENT_3D ( 'NONE', #1446, #977, #1908 ) ;
#1497 = VECTOR ( 'NONE', #1169, 39.37007874015748100 ) ;
#1498 = CARTESIAN_POINT ( 'NONE',  ( -2.953371979235588400, 0.0000000000000000000, 3.016456692913386500 ) ) ;
#1499 = ADVANCED_FACE ( 'NONE', ( #1018 ), #265, .F. ) ;
#1500 = VECTOR ( 'NONE', #1301, 39.37007874015748100 ) ;
#1501 = ORIENTED_EDGE ( 'NONE', *, *, #908, .F. ) ;
#1502 = VERTEX_POINT ( 'NONE', #897 ) ;
#1503 = DIRECTION ( 'NONE',  ( -0.0000000000000000000, 1.000000000000000000, -0.0000000000000000000 ) ) ;
#1504 = ORIENTED_EDGE ( 'NONE', *, *, #694, .T. ) ;
#1505 = CARTESIAN_POINT ( 'NONE',  ( -3.425616739919469900, 0.06250000000000000000, -0.8684373587251089700 ) ) ;
#1506 = VERTEX_POINT ( 'NONE', #1234 ) ;
#1507 = DIRECTION ( 'NONE',  ( 1.000000000000000000, 0.0000000000000000000, 0.0000000000000000000 ) ) ;
#1508 = ORIENTED_EDGE ( 'NONE', *, *, #934, .T. ) ;
#1509 = AXIS2_PLACEMENT_3D ( 'NONE', #1609, #680, #331 ) ;
#1510 = ADVANCED_FACE ( 'NONE', ( #1392, #923, #686, #465, #640, #513, #1309, #212, #413, #1659, #1 ), #1824, .T. ) ;
#1511 = CARTESIAN_POINT ( 'NONE',  ( 3.146628020764411300, 0.0000000000000000000, 3.096456692913387000 ) ) ;
#1512 = ORIENTED_EDGE ( 'NONE', *, *, #1328, .F. ) ;
#1513 = CARTESIAN_POINT ( 'NONE',  ( 2.842609344343975100, 0.3125000000000000000, -2.738587116375727600 ) ) ;
#1514 = CARTESIAN_POINT ( 'NONE',  ( -3.346456692913386500, 0.06250000000000000000, -3.346456692913385700 ) ) ;
#1515 = DIRECTION ( 'NONE',  ( -0.0000000000000000000, 1.000000000000000000, -0.0000000000000000000 ) ) ;
#1516 = LINE ( 'NONE', #761, #1091 ) ;
#1517 = DIRECTION ( 'NONE',  ( 0.0000000000000000000, 0.0000000000000000000, 1.000000000000000000 ) ) ;
#1518 = VECTOR ( 'NONE', #911, 39.37007874015748100 ) ;
#1519 = EDGE_CURVE ( 'NONE', #1529, #876, #782, .T. ) ;
#1520 = LINE ( 'NONE', #1920, #439 ) ;
#1521 = CARTESIAN_POINT ( 'NONE',  ( -3.346456692913385700, 0.0000000000000000000, 3.346456692913386500 ) ) ;
#1522 = LINE ( 'NONE', #1057, #270 ) ;
#1523 = VECTOR ( 'NONE', #85, 39.37007874015748100 ) ;
#1524 = DIRECTION ( 'NONE',  ( -0.0000000000000000000, 1.000000000000000000, -0.0000000000000000000 ) ) ;
#1525 = VERTEX_POINT ( 'NONE', #1548 ) ;
#1526 = DIRECTION ( 'NONE',  ( -0.0000000000000000000, 1.000000000000000000, -0.0000000000000000000 ) ) ;
#1527 = EDGE_LOOP ( 'NONE', ( #1597, #1271, #205, #1619 ) ) ;
#1528 = DIRECTION ( 'NONE',  ( -0.0000000000000000000, 1.000000000000000000, -0.0000000000000000000 ) ) ;
#1529 = VERTEX_POINT ( 'NONE', #137 ) ;
#1530 = ADVANCED_FACE ( 'NONE', ( #1775 ), #1865, .F. ) ;
#1531 = CARTESIAN_POINT ( 'NONE',  ( -2.299227690483926200, 0.06250000000000000000, 1.698181963843665900 ) ) ;
#1532 = ORIENTED_EDGE ( 'NONE', *, *, #1079, .F. ) ;
#1533 = EDGE_CURVE ( 'NONE', #1780, #1054, #1823, .T. ) ;
#1534 = ORIENTED_EDGE ( 'NONE', *, *, #162, .T. ) ;
#1535 = ORIENTED_EDGE ( 'NONE', *, *, #510, .T. ) ;
#1536 = AXIS2_PLACEMENT_3D ( 'NONE', #1763, #532, #1600 ) ;
#1537 = EDGE_LOOP ( 'NONE', ( #1456, #1321, #1557, #626 ) ) ;
#1538 = DIRECTION ( 'NONE',  ( 0.0000000000000000000, 0.0000000000000000000, 1.000000000000000000 ) ) ;
#1539 = DIRECTION ( 'NONE',  ( 0.0000000000000000000, 0.0000000000000000000, 1.000000000000000000 ) ) ;
#1540 = ADVANCED_FACE ( 'NONE', ( #1362 ), #965, .F. ) ;
#1541 = PERSON_AND_ORGANIZATION ( #406, #1945 ) ;
#1542 = VECTOR ( 'NONE', #737, 39.37007874015748100 ) ;
#1543 = CIRCLE ( 'NONE', #759, 0.08000000000000023800 ) ;
#1544 = CARTESIAN_POINT ( 'NONE',  ( -3.503002247132598300, 1.062500000000000000, 0.09028309174865362100 ) ) ;
#1545 = DIRECTION ( 'NONE',  ( 0.0000000000000000000, 1.000000000000000000, 0.0000000000000000000 ) ) ;
#1546 = VECTOR ( 'NONE', #745, 39.37007874015748100 ) ;
#1547 = LINE ( 'NONE', #1190, #1260 ) ;
#1548 = CARTESIAN_POINT ( 'NONE',  ( -2.651761667788180800, 0.8125000000000000000, 0.0000000000000000000 ) ) ;
#1549 = FACE_OUTER_BOUND ( 'NONE', #358, .T. ) ;
#1550 = ADVANCED_FACE ( 'NONE', ( #364 ), #979, .F. ) ;
#1551 = CARTESIAN_POINT ( 'NONE',  ( -1.316440892519668000, 0.0000000000000000000, -2.130046649809331300 ) ) ;
#1552 = VERTEX_POINT ( 'NONE', #1130 ) ;
#1553 = CARTESIAN_POINT ( 'NONE',  ( -2.651761667788180800, 0.8125000000000000000, -0.8684373587251089700 ) ) ;
#1554 = AXIS2_PLACEMENT_3D ( 'NONE', #791, #148, #1250 ) ;
#1555 = VERTEX_POINT ( 'NONE', #178 ) ;
#1556 = ORIENTED_EDGE ( 'NONE', *, *, #1673, .F. ) ;
#1557 = ORIENTED_EDGE ( 'NONE', *, *, #70, .F. ) ;
#1558 = CARTESIAN_POINT ( 'NONE',  ( -3.353371979235588700, 0.06250000000000000000, -1.087696295828978900 ) ) ;
#1559 = DIRECTION ( 'NONE',  ( -1.000000000000000000, -0.0000000000000000000, -0.0000000000000000000 ) ) ;
#1560 = ADVANCED_FACE ( 'NONE', ( #20 ), #1757, .T. ) ;
#1561 = VERTEX_POINT ( 'NONE', #1274 ) ;
#1562 = AXIS2_PLACEMENT_3D ( 'NONE', #281, #1860, #1464 ) ;
#1563 = DIRECTION ( 'NONE',  ( 0.0000000000000000000, 0.0000000000000000000, 1.000000000000000000 ) ) ;
#1564 = VECTOR ( 'NONE', #1633, 39.37007874015748100 ) ;
#1565 = PLANE ( 'NONE',  #4 ) ;
#1566 = CIRCLE ( 'NONE', #1431, 0.07933070866141743400 ) ;
#1567 = EDGE_CURVE ( 'NONE', #774, #1695, #2016, .T. ) ;
#1568 = ADVANCED_FACE ( 'NONE', ( #1972 ), #1898, .F. ) ;
#1569 = FACE_OUTER_BOUND ( 'NONE', #1429, .T. ) ;
#1570 = CARTESIAN_POINT ( 'NONE',  ( 3.031773917531622500, 0.3125000000000000000, 1.302656038087674400 ) ) ;
#1571 = EDGE_CURVE ( 'NONE', #1874, #880, #1970, .T. ) ;
#1572 = VECTOR ( 'NONE', #1369, 39.37007874015748100 ) ;
#1573 = ORIENTED_EDGE ( 'NONE', *, *, #556, .F. ) ;
#1574 = AXIS2_PLACEMENT_3D ( 'NONE', #1837, #882, #1991 ) ;
#1575 = ORIENTED_EDGE ( 'NONE', *, *, #767, .F. ) ;
#1576 = DIRECTION ( 'NONE',  ( 0.0000000000000000000, 0.0000000000000000000, 1.000000000000000000 ) ) ;
#1577 = CARTESIAN_POINT ( 'NONE',  ( 2.842609344343975100, 0.3125000000000000000, -0.8125478257378514500 ) ) ;
#1578 = EDGE_LOOP ( 'NONE', ( #988, #15, #10, #953 ) ) ;
#1579 = EDGE_LOOP ( 'NONE', ( #931, #1783, #1485, #909 ) ) ;
#1580 = ORIENTED_EDGE ( 'NONE', *, *, #1125, .F. ) ;
#1581 = ORIENTED_EDGE ( 'NONE', *, *, #388, .T. ) ;
#1582 = DIRECTION ( 'NONE',  ( 0.0000000000000000000, 0.0000000000000000000, 1.000000000000000000 ) ) ;
#1583 = DIRECTION ( 'NONE',  ( 0.0000000000000000000, 0.0000000000000000000, 1.000000000000000000 ) ) ;
#1584 = DIRECTION ( 'NONE',  ( -0.0000000000000000000, -0.0000000000000000000, -1.000000000000000000 ) ) ;
#1585 = PLANE ( 'NONE',  #206 ) ;
#1586 = CIRCLE ( 'NONE', #1973, 0.08000000000000023800 ) ;
#1587 = AXIS2_PLACEMENT_3D ( 'NONE', #12, #623, #1723 ) ;
#1588 = CARTESIAN_POINT ( 'NONE',  ( 3.146628020764411300, 0.06250000000000000000, -3.103543307086613600 ) ) ;
#1589 = LINE ( 'NONE', #378, #1949 ) ;
#1590 = CIRCLE ( 'NONE', #1209, 0.08000000000000023800 ) ;
#1591 = CIRCLE ( 'NONE', #152, 0.07933070866141717100 ) ;
#1592 = ORIENTED_EDGE ( 'NONE', *, *, #1412, .T. ) ;
#1593 = DIRECTION ( 'NONE',  ( 0.0000000000000000000, 0.0000000000000000000, 1.000000000000000000 ) ) ;
#1594 = EDGE_CURVE ( 'NONE', #1304, #1129, #361, .T. ) ;
#1595 = ORIENTED_EDGE ( 'NONE', *, *, #1164, .F. ) ;
#1596 = DIRECTION ( 'NONE',  ( -0.0000000000000000000, -1.000000000000000000, -0.0000000000000000000 ) ) ;
#1597 = ORIENTED_EDGE ( 'NONE', *, *, #1099, .T. ) ;
#1598 = AXIS2_PLACEMENT_3D ( 'NONE', #430, #1528, #569 ) ;
#1599 = ORIENTED_EDGE ( 'NONE', *, *, #1335, .T. ) ;
#1600 = DIRECTION ( 'NONE',  ( 0.0000000000000000000, 0.0000000000000000000, -1.000000000000000000 ) ) ;
#1601 = ORIENTED_EDGE ( 'NONE', *, *, #1966, .F. ) ;
#1602 = CARTESIAN_POINT ( 'NONE',  ( 3.346456692913386500, 0.06250000000000000000, 3.346456692913386500 ) ) ;
#1603 = VERTEX_POINT ( 'NONE', #37 ) ;
#1604 = CARTESIAN_POINT ( 'NONE',  ( -3.425616739919469900, 0.06250000000000000000, 0.0000000000000000000 ) ) ;
#1605 = EDGE_CURVE ( 'NONE', #1201, #813, #1015, .T. ) ;
#1606 =( NAMED_UNIT ( * ) PLANE_ANGLE_UNIT ( ) SI_UNIT ( $, .RADIAN. ) );
#1607 = CARTESIAN_POINT ( 'NONE',  ( 0.0000000000000000000, 0.06250000000000000000, 0.0000000000000000000 ) ) ;
#1608 = FACE_OUTER_BOUND ( 'NONE', #2013, .T. ) ;
#1609 = CARTESIAN_POINT ( 'NONE',  ( 0.0000000000000000000, 0.06250000000000000000, 0.0000000000000000000 ) ) ;
#1610 = VECTOR ( 'NONE', #36, 39.37007874015748100 ) ;
#1611 = DIRECTION ( 'NONE',  ( 0.0000000000000000000, 0.0000000000000000000, -1.000000000000000000 ) ) ;
#1612 = LINE ( 'NONE', #1680, #1975 ) ;
#1613 = CARTESIAN_POINT ( 'NONE',  ( -3.346456692913386500, 0.06250000000000000000, -3.346456692913385700 ) ) ;
#1614 = FACE_OUTER_BOUND ( 'NONE', #1652, .T. ) ;
#1615 = EDGE_CURVE ( 'NONE', #724, #955, #1796, .T. ) ;
#1616 = DIRECTION ( 'NONE',  ( -0.0000000000000000000, 1.000000000000000000, -0.0000000000000000000 ) ) ;
#1617 = ORIENTED_EDGE ( 'NONE', *, *, #1264, .F. ) ;
#1618 = CARTESIAN_POINT ( 'NONE',  ( -3.399821570848427800, 1.062500000000000000, 1.698181963843665900 ) ) ;
#1619 = ORIENTED_EDGE ( 'NONE', *, *, #294, .T. ) ;
#1620 = CARTESIAN_POINT ( 'NONE',  ( -2.299227690483926200, 0.06250000000000000000, 0.9071301123316827300 ) ) ;
#1621 = EDGE_LOOP ( 'NONE', ( #1481, #357, #858, #1133 ) ) ;
#1622 = ORIENTED_EDGE ( 'NONE', *, *, #1177, .T. ) ;
#1623 = AXIS2_PLACEMENT_3D ( 'NONE', #1714, #1101, #1582 ) ;
#1624 = ORIENTED_EDGE ( 'NONE', *, *, #619, .T. ) ;
#1625 = DIRECTION ( 'NONE',  ( -1.000000000000000000, 0.0000000000000000000, -0.0000000000000000000 ) ) ;
#1626 = VERTEX_POINT ( 'NONE', #679 ) ;
#1627 = DIRECTION ( 'NONE',  ( 0.0000000000000000000, 1.000000000000000000, 0.0000000000000000000 ) ) ;
#1628 = FACE_OUTER_BOUND ( 'NONE', #1384, .T. ) ;
#1629 = EDGE_CURVE ( 'NONE', #29, #1080, #1136, .T. ) ;
#1630 = DIRECTION ( 'NONE',  ( 0.0000000000000000000, 0.0000000000000000000, -1.000000000000000000 ) ) ;
#1631 = LOCAL_TIME ( 19, 10, 27.00000000000000000, #116 ) ;
#1632 = VECTOR ( 'NONE', #571, 39.37007874015748100 ) ;
#1633 = DIRECTION ( 'NONE',  ( 1.632680918566406500E-016, 0.0000000000000000000, 1.000000000000000000 ) ) ;
#1634 = CARTESIAN_POINT ( 'NONE',  ( -3.380054418203108000, 0.06250000000000000000, -3.237293718415891400 ) ) ;
#1635 = LINE ( 'NONE', #362, #898 ) ;
#1636 = AXIS2_PLACEMENT_3D ( 'NONE', #193, #1916, #365 ) ;
#1637 = LINE ( 'NONE', #1932, #444 ) ;
#1638 = VECTOR ( 'NONE', #564, 39.37007874015748100 ) ;
#1639 = CARTESIAN_POINT ( 'NONE',  ( -3.346456692913386100, 0.06250000000000000000, -1.087696295828978900 ) ) ;
#1640 = EDGE_CURVE ( 'NONE', #17, #107, #1899, .T. ) ;
#1641 = VERTEX_POINT ( 'NONE', #52 ) ;
#1642 = VERTEX_POINT ( 'NONE', #959 ) ;
#1643 = DIRECTION ( 'NONE',  ( -0.0000000000000000000, 1.000000000000000000, -0.0000000000000000000 ) ) ;
#1644 = CARTESIAN_POINT ( 'NONE',  ( 0.0000000000000000000, 0.06250000000000000000, 0.0000000000000000000 ) ) ;
#1645 = EDGE_LOOP ( 'NONE', ( #79, #1599, #1894, #1595, #1864 ) ) ;
#1646 = ORIENTED_EDGE ( 'NONE', *, *, #1673, .T. ) ;
#1647 = AXIS2_PLACEMENT_3D ( 'NONE', #843, #1627, #848 ) ;
#1648 = ADVANCED_FACE ( 'NONE', ( #967 ), #268, .F. ) ;
#1649 = DIRECTION ( 'NONE',  ( -0.0000000000000000000, -1.000000000000000000, -0.0000000000000000000 ) ) ;
#1650 = CC_DESIGN_PERSON_AND_ORGANIZATION_ASSIGNMENT ( #1921, #190, ( #246 ) ) ;
#1651 = ORIENTED_EDGE ( 'NONE', *, *, #1571, .T. ) ;
#1652 = EDGE_LOOP ( 'NONE', ( #1651, #300, #740, #1959 ) ) ;
#1653 = PLANE ( 'NONE',  #857 ) ;
#1654 = EDGE_CURVE ( 'NONE', #1077, #1080, #512, .T. ) ;
#1655 = LINE ( 'NONE', #582, #313 ) ;
#1656 = CARTESIAN_POINT ( 'NONE',  ( -3.353371979235588700, 0.8125000000000000000, -2.325864411239042500 ) ) ;
#1657 = DIRECTION ( 'NONE',  ( 1.000000000000000000, 0.0000000000000000000, 0.0000000000000000000 ) ) ;
#1658 = AXIS2_PLACEMENT_3D ( 'NONE', #1741, #1108, #1132 ) ;
#1659 = FACE_BOUND ( 'NONE', #1430, .T. ) ;
#1660 = DIRECTION ( 'NONE',  ( -0.0000000000000000000, -1.000000000000000000, -0.0000000000000000000 ) ) ;
#1661 = FACE_OUTER_BOUND ( 'NONE', #379, .T. ) ;
#1662 = CARTESIAN_POINT ( 'NONE',  ( 3.346456692913385700, 0.0000000000000000000, -3.346456692913385700 ) ) ;
#1663 = DIRECTION ( 'NONE',  ( 0.0000000000000000000, 0.0000000000000000000, 1.000000000000000000 ) ) ;
#1664 = AXIS2_PLACEMENT_3D ( 'NONE', #522, #1923, #987 ) ;
#1665 = LINE ( 'NONE', #1814, #5 ) ;
#1666 = LINE ( 'NONE', #1377, #1572 ) ;
#1667 = DIRECTION ( 'NONE',  ( 0.0000000000000000000, 0.0000000000000000000, -1.000000000000000000 ) ) ;
#1668 = VERTEX_POINT ( 'NONE', #380 ) ;
#1669 = DIRECTION ( 'NONE',  ( 1.000000000000000000, 0.0000000000000000000, 0.0000000000000000000 ) ) ;
#1670 = EDGE_LOOP ( 'NONE', ( #1373, #695, #529, #1508 ) ) ;
#1671 = DIRECTION ( 'NONE',  ( -0.0000000000000000000, 1.000000000000000000, -0.0000000000000000000 ) ) ;
#1672 = ORIENTED_EDGE ( 'NONE', *, *, #619, .F. ) ;
#1673 = EDGE_CURVE ( 'NONE', #546, #974, #865, .T. ) ;
#1674 = VERTEX_POINT ( 'NONE', #101 ) ;
#1675 = DIRECTION ( 'NONE',  ( 0.0000000000000000000, 0.0000000000000000000, 1.000000000000000000 ) ) ;
#1676 = ORIENTED_EDGE ( 'NONE', *, *, #1594, .F. ) ;
#1677 = EDGE_CURVE ( 'NONE', #1409, #1988, #754, .T. ) ;
#1678 = CARTESIAN_POINT ( 'NONE',  ( -3.399821570848427800, 0.06250000000000000000, 1.698181963843665900 ) ) ;
#1679 = ORIENTED_EDGE ( 'NONE', *, *, #750, .T. ) ;
#1680 = CARTESIAN_POINT ( 'NONE',  ( -3.353371979235588700, 0.06250000000000000000, -2.325864411239042500 ) ) ;
#1681 = ADVANCED_FACE ( 'NONE', ( #437 ), #1476, .F. ) ;
#1682 = DIRECTION ( 'NONE',  ( -1.000000000000000000, -0.0000000000000000000, -0.0000000000000000000 ) ) ;
#1683 = PERSON_AND_ORGANIZATION ( #406, #1945 ) ;
#1684 = CARTESIAN_POINT ( 'NONE',  ( 3.031773917531622500, 0.3125000000000000000, 2.196888565883830400 ) ) ;
#1685 = CIRCLE ( 'NONE', #989, 0.07933070866141757300 ) ;
#1686 = VECTOR ( 'NONE', #1833, 39.37007874015748100 ) ;
#1687 = LINE ( 'NONE', #1096, #318 ) ;
#1688 = CARTESIAN_POINT ( 'NONE',  ( -1.316440892519668000, 0.06250000000000000000, 0.9813706730253141100 ) ) ;
#1689 = LINE ( 'NONE', #1183, #709 ) ;
#1690 = VECTOR ( 'NONE', #1911, 39.37007874015748100 ) ;
#1691 = DIRECTION ( 'NONE',  ( -0.0000000000000000000, -1.000000000000000000, -0.0000000000000000000 ) ) ;
#1692 = CARTESIAN_POINT ( 'NONE',  ( 3.346456692913386500, 0.0000000000000000000, 3.346456692913386500 ) ) ;
#1693 = ORIENTED_EDGE ( 'NONE', *, *, #1615, .T. ) ;
#1694 = ORIENTED_EDGE ( 'NONE', *, *, #240, .T. ) ;
#1695 = VERTEX_POINT ( 'NONE', #1299 ) ;
#1696 = EDGE_CURVE ( 'NONE', #1227, #725, #1069, .T. ) ;
#1697 = CARTESIAN_POINT ( 'NONE',  ( -3.503002247132598300, 1.062500000000000000, 0.09028309174865362100 ) ) ;
#1698 = EDGE_LOOP ( 'NONE', ( #1861, #862, #542, #1204, #429 ) ) ;
#1699 = PLANE ( 'NONE',  #314 ) ;
#1700 = EDGE_CURVE ( 'NONE', #299, #747, #1040, .T. ) ;
#1701 = EDGE_LOOP ( 'NONE', ( #1199, #1556, #1532, #1230 ) ) ;
#1702 = ADVANCED_FACE ( 'NONE', ( #728 ), #541, .F. ) ;
#1703 = ORIENTED_EDGE ( 'NONE', *, *, #332, .F. ) ;
#1704 = AXIS2_PLACEMENT_3D ( 'NONE', #200, #1751, #1283 ) ;
#1705 = ORIENTED_EDGE ( 'NONE', *, *, #922, .F. ) ;
#1706 = CARTESIAN_POINT ( 'NONE',  ( -3.346456692913386500, 0.0000000000000000000, -3.346456692913385700 ) ) ;
#1707 = FACE_BOUND ( 'NONE', #279, .T. ) ;
#1708 = FACE_OUTER_BOUND ( 'NONE', #833, .T. ) ;
#1709 = ADVANCED_FACE ( 'NONE', ( #46 ), #262, .F. ) ;
#1710 = LINE ( 'NONE', #1634, #1473 ) ;
#1711 = DIRECTION ( 'NONE',  ( 0.0000000000000000000, 0.0000000000000000000, 1.000000000000000000 ) ) ;
#1712 = LINE ( 'NONE', #1498, #1239 ) ;
#1713 = LINE ( 'NONE', #90, #247 ) ;
#1714 = CARTESIAN_POINT ( 'NONE',  ( -1.316440892519668000, 0.0000000000000000000, -2.050715941147914100 ) ) ;
#1715 = ORIENTED_EDGE ( 'NONE', *, *, #919, .T. ) ;
#1716 = CARTESIAN_POINT ( 'NONE',  ( 0.0000000000000000000, 0.8125000000000000000, 0.0000000000000000000 ) ) ;
#1717 = CARTESIAN_POINT ( 'NONE',  ( 1.636315012992142900, 0.06250000000000000000, 0.8227092557024789900 ) ) ;
#1718 = ORIENTED_EDGE ( 'NONE', *, *, #1490, .T. ) ;
#1719 = ADVANCED_FACE ( 'NONE', ( #1608 ), #1484, .T. ) ;
#1720 = ORIENTED_EDGE ( 'NONE', *, *, #1696, .T. ) ;
#1721 = EDGE_LOOP ( 'NONE', ( #933, #1027 ) ) ;
#1722 = EDGE_CURVE ( 'NONE', #1502, #1529, #1948, .T. ) ;
#1723 = DIRECTION ( 'NONE',  ( 0.0000000000000000000, 0.0000000000000000000, 1.000000000000000000 ) ) ;
#1724 = ORIENTED_EDGE ( 'NONE', *, *, #1232, .T. ) ;
#1725 = ORIENTED_EDGE ( 'NONE', *, *, #1925, .F. ) ;
#1726 = DIRECTION ( 'NONE',  ( 0.0000000000000000000, 1.000000000000000000, 0.0000000000000000000 ) ) ;
#1727 = CIRCLE ( 'NONE', #1119, 0.08000000000000023800 ) ;
#1728 = FACE_OUTER_BOUND ( 'NONE', #1739, .T. ) ;
#1729 = VECTOR ( 'NONE', #1001, 39.37007874015748100 ) ;
#1730 = EDGE_CURVE ( 'NONE', #1603, #676, #387, .T. ) ;
#1731 = VECTOR ( 'NONE', #1398, 39.37007874015748100 ) ;
#1732 = DIRECTION ( 'NONE',  ( 0.0000000000000000000, 1.000000000000000000, 0.0000000000000000000 ) ) ;
#1733 = CARTESIAN_POINT ( 'NONE',  ( -3.425616739919469900, 0.8125000000000000000, -0.8684373587251089700 ) ) ;
#1734 = EDGE_CURVE ( 'NONE', #1816, #1642, #1749, .T. ) ;
#1735 = VECTOR ( 'NONE', #194, 39.37007874015748100 ) ;
#1736 = ORIENTED_EDGE ( 'NONE', *, *, #1904, .T. ) ;
#1737 = ORIENTED_EDGE ( 'NONE', *, *, #1335, .F. ) ;
#1738 = PERSON_AND_ORGANIZATION_ROLE ( 'classification_officer' ) ;
#1739 = EDGE_LOOP ( 'NONE', ( #1479, #60, #58, #917, #1268 ) ) ;
#1740 = VERTEX_POINT ( 'NONE', #832 ) ;
#1741 = CARTESIAN_POINT ( 'NONE',  ( 0.0000000000000000000, 0.06250000000000000000, 0.0000000000000000000 ) ) ;
#1742 = EDGE_CURVE ( 'NONE', #837, #280, #339, .T. ) ;
#1743 = EDGE_LOOP ( 'NONE', ( #544, #1809 ) ) ;
#1744 = EDGE_LOOP ( 'NONE', ( #1477, #1487, #772, #716 ) ) ;
#1745 = DIRECTION ( 'NONE',  ( -1.632680918566406500E-016, -0.0000000000000000000, -1.000000000000000000 ) ) ;
#1746 = DIRECTION ( 'NONE',  ( 0.0000000000000000000, 1.000000000000000000, 0.0000000000000000000 ) ) ;
#1747 = DIRECTION ( 'NONE',  ( -0.0000000000000000000, -1.000000000000000000, -0.0000000000000000000 ) ) ;
#1748 = AXIS2_PLACEMENT_3D ( 'NONE', #1939, #1784, #224 ) ;
#1749 = LINE ( 'NONE', #1620, #805 ) ;
#1750 = LINE ( 'NONE', #735, #1334 ) ;
#1751 = DIRECTION ( 'NONE',  ( 0.0000000000000000000, 1.000000000000000000, 0.0000000000000000000 ) ) ;
#1752 = VECTOR ( 'NONE', #385, 39.37007874015748100 ) ;
#1753 = EDGE_CURVE ( 'NONE', #961, #1085, #1212, .T. ) ;
#1754 = VECTOR ( 'NONE', #1616, 39.37007874015748100 ) ;
#1755 = CIRCLE ( 'NONE', #100, 0.08000000000000023800 ) ;
#1756 = DIRECTION ( 'NONE',  ( -0.0000000000000000000, 1.000000000000000000, -0.0000000000000000000 ) ) ;
#1757 = PLANE ( 'NONE',  #1636 ) ;
#1758 = ORIENTED_EDGE ( 'NONE', *, *, #1571, .F. ) ;
#1759 = ORIENTED_EDGE ( 'NONE', *, *, #192, .T. ) ;
#1760 = AXIS2_PLACEMENT_3D ( 'NONE', #1511, #1671, #1365 ) ;
#1761 = ORIENTED_EDGE ( 'NONE', *, *, #1428, .T. ) ;
#1762 = APPLICATION_PROTOCOL_DEFINITION ( 'international standard', 'config_control_design', 1994, #208 ) ;
#1763 = CARTESIAN_POINT ( 'NONE',  ( 2.842609344343975100, 0.3125000000000000000, -2.738587116375727600 ) ) ;
#1764 = ORIENTED_EDGE ( 'NONE', *, *, #124, .F. ) ;
#1765 = DIRECTION ( 'NONE',  ( 0.0000000000000000000, 0.0000000000000000000, -1.000000000000000000 ) ) ;
#1766 = EDGE_LOOP ( 'NONE', ( #1303, #1718, #1105, #1197, #1679 ) ) ;
#1767 = EDGE_CURVE ( 'NONE', #1201, #299, #1184, .T. ) ;
#1768 = VERTEX_POINT ( 'NONE', #1158 ) ;
#1769 = CARTESIAN_POINT ( 'NONE',  ( -1.316440892519668000, 0.06250000000000000000, 0.9020399643638970000 ) ) ;
#1770 = EDGE_CURVE ( 'NONE', #174, #887, #239, .T. ) ;
#1771 = DIRECTION ( 'NONE',  ( 1.000000000000000000, 0.0000000000000000000, 0.0000000000000000000 ) ) ;
#1772 = CALENDAR_DATE ( 2017, 14, 3 ) ;
#1773 = CIRCLE ( 'NONE', #1226, 0.07933070866141717100 ) ;
#1774 = AXIS2_PLACEMENT_3D ( 'NONE', #1061, #611, #594 ) ;
#1775 = FACE_OUTER_BOUND ( 'NONE', #425, .T. ) ;
#1776 = FACE_OUTER_BOUND ( 'NONE', #1058, .T. ) ;
#1777 = CARTESIAN_POINT ( 'NONE',  ( 2.842609344343975100, 0.3125000000000000000, -0.8125478257378514500 ) ) ;
#1778 = CARTESIAN_POINT ( 'NONE',  ( 2.842609344343975100, 0.06250000000000000000, -2.738587116375727600 ) ) ;
#1779 = LINE ( 'NONE', #1024, #1523 ) ;
#1780 = VERTEX_POINT ( 'NONE', #1231 ) ;
#1781 = VERTEX_POINT ( 'NONE', #1397 ) ;
#1782 = DIRECTION ( 'NONE',  ( -1.000000000000000000, 0.0000000000000000000, -0.0000000000000000000 ) ) ;
#1783 = ORIENTED_EDGE ( 'NONE', *, *, #1904, .F. ) ;
#1784 = DIRECTION ( 'NONE',  ( 0.0000000000000000000, 1.000000000000000000, 0.0000000000000000000 ) ) ;
#1785 = ORIENTED_EDGE ( 'NONE', *, *, #1980, .T. ) ;
#1786 = CARTESIAN_POINT ( 'NONE',  ( -3.346456692913385700, 0.06250000000000000000, 3.346456692913386500 ) ) ;
#1787 = CARTESIAN_POINT ( 'NONE',  ( -3.353371979235588700, 0.8125000000000000000, -2.325864411239042500 ) ) ;
#1788 = ORIENTED_EDGE ( 'NONE', *, *, #86, .T. ) ;
#1789 = ORIENTED_EDGE ( 'NONE', *, *, #1205, .T. ) ;
#1790 = CARTESIAN_POINT ( 'NONE',  ( 3.146628020764411300, 0.0000000000000000000, -3.103543307086613600 ) ) ;
#1791 = EDGE_CURVE ( 'NONE', #795, #257, #1586, .T. ) ;
#1792 = ORIENTED_EDGE ( 'NONE', *, *, #615, .T. ) ;
#1793 = CARTESIAN_POINT ( 'NONE',  ( -3.380054418203108000, 0.06250000000000000000, -3.237293718415891400 ) ) ;
#1794 = EDGE_CURVE ( 'NONE', #1346, #1912, #1516, .T. ) ;
#1795 = CALENDAR_DATE ( 2017, 14, 3 ) ;
#1796 = CIRCLE ( 'NONE', #2008, 0.08000000000000023800 ) ;
#1797 = VECTOR ( 'NONE', #1370, 39.37007874015748100 ) ;
#1798 = AXIS2_PLACEMENT_3D ( 'NONE', #80, #1950, #237 ) ;
#1799 = VECTOR ( 'NONE', #1078, 39.37007874015748100 ) ;
#1800 = CARTESIAN_POINT ( 'NONE',  ( -2.570918517413951500, 0.8125000000000000000, -2.325864411239042500 ) ) ;
#1801 = DIRECTION ( 'NONE',  ( 0.0000000000000000000, 0.0000000000000000000, 1.000000000000000000 ) ) ;
#1802 = LINE ( 'NONE', #53, #1396 ) ;
#1803 = DIRECTION ( 'NONE',  ( -1.000000000000000000, -0.0000000000000000000, -0.0000000000000000000 ) ) ;
#1804 = LINE ( 'NONE', #1388, #297 ) ;
#1805 = CARTESIAN_POINT ( 'NONE',  ( -2.570918517413951500, 0.06250000000000000000, -2.325864411239042500 ) ) ;
#1806 = ORIENTED_EDGE ( 'NONE', *, *, #1166, .F. ) ;
#1807 = EDGE_CURVE ( 'NONE', #551, #985, #1655, .T. ) ;
#1808 = VERTEX_POINT ( 'NONE', #608 ) ;
#1809 = ORIENTED_EDGE ( 'NONE', *, *, #213, .T. ) ;
#1810 = AXIS2_PLACEMENT_3D ( 'NONE', #1927, #1935, #77 ) ;
#1811 = CARTESIAN_POINT ( 'NONE',  ( 1.636315012992142700, 0.0000000000000000000, -2.130046649809331300 ) ) ;
#1812 = ORIENTED_EDGE ( 'NONE', *, *, #284, .F. ) ;
#1813 = ORIENTED_EDGE ( 'NONE', *, *, #332, .T. ) ;
#1814 = CARTESIAN_POINT ( 'NONE',  ( -2.468625111026256000, 0.8125000000000000000, -3.237293718415891400 ) ) ;
#1815 = CARTESIAN_POINT ( 'NONE',  ( 2.842609344343975100, 0.3125000000000000000, -0.8125478257378514500 ) ) ;
#1816 = VERTEX_POINT ( 'NONE', #1531 ) ;
#1817 = DIRECTION ( 'NONE',  ( 1.000000000000000000, 0.0000000000000000000, 0.0000000000000000000 ) ) ;
#1818 = EDGE_CURVE ( 'NONE', #1346, #1867, #138, .T. ) ;
#1819 = DATE_AND_TIME ( #1795, #727 ) ;
#1820 = CIRCLE ( 'NONE', #1554, 0.07933070866141717100 ) ;
#1821 = DIRECTION ( 'NONE',  ( 0.0000000000000000000, 0.0000000000000000000, 1.000000000000000000 ) ) ;
#1822 = LINE ( 'NONE', #460, #804 ) ;
#1823 = LINE ( 'NONE', #231, #584 ) ;
#1824 = PLANE ( 'NONE',  #1562 ) ;
#1825 = LINE ( 'NONE', #1090, #215 ) ;
#1826 = DIMENSIONAL_EXPONENTS ( 1.000000000000000000, 0.0000000000000000000, 0.0000000000000000000, 0.0000000000000000000, 0.0000000000000000000, 0.0000000000000000000, 0.0000000000000000000 ) ;
#1827 = DIRECTION ( 'NONE',  ( 0.0000000000000000000, 1.000000000000000000, 0.0000000000000000000 ) ) ;
#1828 = CARTESIAN_POINT ( 'NONE',  ( -3.346456692913386500, 0.06250000000000000000, -3.346456692913385700 ) ) ;
#1829 = FACE_OUTER_BOUND ( 'NONE', #1527, .T. ) ;
#1830 = CARTESIAN_POINT ( 'NONE',  ( 1.636315012992142900, 0.06250000000000000000, 0.9020399643638965500 ) ) ;
#1831 = LINE ( 'NONE', #536, #1341 ) ;
#1832 = CARTESIAN_POINT ( 'NONE',  ( -3.425616739919469900, 0.8125000000000000000, 0.0000000000000000000 ) ) ;
#1833 = DIRECTION ( 'NONE',  ( -0.0000000000000000000, -0.0000000000000000000, -1.000000000000000000 ) ) ;
#1834 = ORIENTED_EDGE ( 'NONE', *, *, #1791, .T. ) ;
#1835 = EDGE_CURVE ( 'NONE', #280, #223, #264, .T. ) ;
#1836 = ORIENTED_EDGE ( 'NONE', *, *, #1807, .T. ) ;
#1837 = CARTESIAN_POINT ( 'NONE',  ( -1.316440892519668000, 0.06250000000000000000, -2.050715941147914100 ) ) ;
#1838 = ORIENTED_EDGE ( 'NONE', *, *, #1351, .F. ) ;
#1839 = EDGE_CURVE ( 'NONE', #1641, #719, #921, .T. ) ;
#1840 = ORIENTED_EDGE ( 'NONE', *, *, #547, .F. ) ;
#1841 = VERTEX_POINT ( 'NONE', #277 ) ;
#1842 = AXIS2_PLACEMENT_3D ( 'NONE', #1716, #1848, #2003 ) ;
#1843 = DIRECTION ( 'NONE',  ( 0.0000000000000000000, 0.0000000000000000000, 1.000000000000000000 ) ) ;
#1844 = ORIENTED_EDGE ( 'NONE', *, *, #229, .T. ) ;
#1845 = CARTESIAN_POINT ( 'NONE',  ( 3.146628020764411300, 0.06250000000000000000, 3.096456692913387000 ) ) ;
#1846 = ADVANCED_FACE ( 'NONE', ( #1849 ), #1072, .F. ) ;
#1847 = DIRECTION ( 'NONE',  ( 0.0000000000000000000, 0.0000000000000000000, 1.000000000000000000 ) ) ;
#1848 = DIRECTION ( 'NONE',  ( 0.0000000000000000000, 1.000000000000000000, 0.0000000000000000000 ) ) ;
#1849 = FACE_OUTER_BOUND ( 'NONE', #203, .T. ) ;
#1850 = LINE ( 'NONE', #1482, #242 ) ;
#1851 = DIRECTION ( 'NONE',  ( 0.0000000000000000000, 0.0000000000000000000, 1.000000000000000000 ) ) ;
#1852 = FACE_OUTER_BOUND ( 'NONE', #906, .T. ) ;
#1853 = AXIS2_PLACEMENT_3D ( 'NONE', #1051, #720, #1965 ) ;
#1854 = VECTOR ( 'NONE', #1711, 39.37007874015748100 ) ;
#1855 = DIRECTION ( 'NONE',  ( -1.000000000000000000, 0.0000000000000000000, -0.0000000000000000000 ) ) ;
#1856 = CC_DESIGN_DATE_AND_TIME_ASSIGNMENT ( #66, #1134, ( #1084 ) ) ;
#1857 = FACE_OUTER_BOUND ( 'NONE', #1670, .T. ) ;
#1858 = ADVANCED_FACE ( 'NONE', ( #89, #1707, #1278, #463, #1993, #684, #1876, #1233, #1111 ), #1995, .F. ) ;
#1859 = ORIENTED_EDGE ( 'NONE', *, *, #2005, .F. ) ;
#1860 = DIRECTION ( 'NONE',  ( 0.0000000000000000000, 1.000000000000000000, 0.0000000000000000000 ) ) ;
#1861 = ORIENTED_EDGE ( 'NONE', *, *, #1753, .T. ) ;
#1862 = EDGE_CURVE ( 'NONE', #719, #1486, #1308, .T. ) ;
#1863 = DIRECTION ( 'NONE',  ( 1.000000000000000000, 0.0000000000000000000, 0.0000000000000000000 ) ) ;
#1864 = ORIENTED_EDGE ( 'NONE', *, *, #1052, .T. ) ;
#1865 = PLANE ( 'NONE',  #1906 ) ;
#1866 = AXIS2_PLACEMENT_3D ( 'NONE', #108, #901, #2012 ) ;
#1867 = VERTEX_POINT ( 'NONE', #1551 ) ;
#1868 = ORIENTED_EDGE ( 'NONE', *, *, #1953, .F. ) ;
#1869 = AXIS2_PLACEMENT_3D ( 'NONE', #1326, #396, #1492 ) ;
#1870 = ADVANCED_FACE ( 'NONE', ( #114 ), #591, .F. ) ;
#1871 = EDGE_LOOP ( 'NONE', ( #333, #1298, #1173, #1761 ) ) ;
#1872 = DIRECTION ( 'NONE',  ( 0.0000000000000000000, 0.0000000000000000000, 1.000000000000000000 ) ) ;
#1873 = CARTESIAN_POINT ( 'NONE',  ( -3.503002247132598300, 0.06250000000000000000, 0.09028309174865362100 ) ) ;
#1874 = VERTEX_POINT ( 'NONE', #1990 ) ;
#1875 = DIRECTION ( 'NONE',  ( -1.000000000000000000, -0.0000000000000000000, -0.0000000000000000000 ) ) ;
#1876 = FACE_BOUND ( 'NONE', #201, .T. ) ;
#1877 = VECTOR ( 'NONE', #596, 39.37007874015748100 ) ;
#1878 = DIRECTION ( 'NONE',  ( 0.0000000000000000000, 1.000000000000000000, 0.0000000000000000000 ) ) ;
#1879 = CARTESIAN_POINT ( 'NONE',  ( 1.636315012992142700, 0.0000000000000000000, -2.050715941147914100 ) ) ;
#1880 = EDGE_CURVE ( 'NONE', #1348, #1874, #638, .T. ) ;
#1881 = LINE ( 'NONE', #527, #1113 ) ;
#1882 = VECTOR ( 'NONE', #1649, 39.37007874015748100 ) ;
#1883 = AXIS2_PLACEMENT_3D ( 'NONE', #1171, #1489, #552 ) ;
#1884 = LINE ( 'NONE', #1361, #1241 ) ;
#1885 = VERTEX_POINT ( 'NONE', #1210 ) ;
#1886 = EDGE_LOOP ( 'NONE', ( #1249, #1056, #354, #675 ) ) ;
#1887 = CARTESIAN_POINT ( 'NONE',  ( 3.146628020764411300, 0.06250000000000000000, 3.176456692913387100 ) ) ;
#1888 = ORIENTED_EDGE ( 'NONE', *, *, #799, .F. ) ;
#1889 = ORIENTED_EDGE ( 'NONE', *, *, #1818, .F. ) ;
#1890 = EDGE_CURVE ( 'NONE', #1555, #1885, #210, .T. ) ;
#1891 = DIRECTION ( 'NONE',  ( 1.632680918566406500E-016, 0.0000000000000000000, 1.000000000000000000 ) ) ;
#1892 = ORIENTED_EDGE ( 'NONE', *, *, #1276, .T. ) ;
#1893 = ORIENTED_EDGE ( 'NONE', *, *, #467, .F. ) ;
#1894 = ORIENTED_EDGE ( 'NONE', *, *, #1890, .F. ) ;
#1895 = CC_DESIGN_APPROVAL ( #394, ( #975 ) ) ;
#1896 = PERSON_AND_ORGANIZATION_ROLE ( 'design_supplier' ) ;
#1897 = DIRECTION ( 'NONE',  ( 0.0000000000000000000, 0.0000000000000000000, -1.000000000000000000 ) ) ;
#1898 = PLANE ( 'NONE',  #802 ) ;
#1899 = LINE ( 'NONE', #346, #290 ) ;
#1900 = VECTOR ( 'NONE', #92, 39.37007874015748100 ) ;
#1901 = EDGE_CURVE ( 'NONE', #1126, #202, #892, .T. ) ;
#1902 = VECTOR ( 'NONE', #874, 39.37007874015748100 ) ;
#1903 = DATE_TIME_ROLE ( 'classification_date' ) ;
#1904 = EDGE_CURVE ( 'NONE', #1841, #2004, #1820, .T. ) ;
#1905 = LINE ( 'NONE', #421, #416 ) ;
#1906 = AXIS2_PLACEMENT_3D ( 'NONE', #55, #691, #1593 ) ;
#1907 = ORIENTED_EDGE ( 'NONE', *, *, #1654, .F. ) ;
#1908 = DIRECTION ( 'NONE',  ( 0.0000000000000000000, 0.0000000000000000000, -1.000000000000000000 ) ) ;
#1909 = ORIENTED_EDGE ( 'NONE', *, *, #256, .T. ) ;
#1910 = ORIENTED_EDGE ( 'NONE', *, *, #1466, .T. ) ;
#1911 = DIRECTION ( 'NONE',  ( 1.000000000000000000, 0.0000000000000000000, 0.0000000000000000000 ) ) ;
#1912 = VERTEX_POINT ( 'NONE', #488 ) ;
#1913 = ORIENTED_EDGE ( 'NONE', *, *, #1087, .T. ) ;
#1914 = PERSON_AND_ORGANIZATION_ROLE ( 'creator' ) ;
#1915 = CARTESIAN_POINT ( 'NONE',  ( -3.346456692913386500, 0.06250000000000000000, -0.8684373587251089700 ) ) ;
#1916 = DIRECTION ( 'NONE',  ( 0.0000000000000000000, 1.000000000000000000, 0.0000000000000000000 ) ) ;
#1917 = ORIENTED_EDGE ( 'NONE', *, *, #1128, .T. ) ;
#1918 = CARTESIAN_POINT ( 'NONE',  ( 3.272528828861360300, 0.3125000000000000000, 2.196888565883830400 ) ) ;
#1919 = VECTOR ( 'NONE', #64, 39.37007874015748100 ) ;
#1920 = CARTESIAN_POINT ( 'NONE',  ( -3.425616739919469900, 0.8125000000000000000, 0.0000000000000000000 ) ) ;
#1921 = PERSON_AND_ORGANIZATION ( #406, #1945 ) ;
#1922 = VECTOR ( 'NONE', #1803, 39.37007874015748100 ) ;
#1923 = DIRECTION ( 'NONE',  ( 0.0000000000000000000, 1.000000000000000000, 0.0000000000000000000 ) ) ;
#1924 = FACE_OUTER_BOUND ( 'NONE', #352, .T. ) ;
#1925 = EDGE_CURVE ( 'NONE', #1409, #885, #1727, .T. ) ;
#1926 = VECTOR ( 'NONE', #61, 39.37007874015748100 ) ;
#1927 = CARTESIAN_POINT ( 'NONE',  ( -3.380054418203108000, 0.8125000000000000000, -2.497832205045992500 ) ) ;
#1928 = LINE ( 'NONE', #812, #1474 ) ;
#1929 = CARTESIAN_POINT ( 'NONE',  ( 3.031773917531622500, 0.3125000000000000000, 2.196888565883830400 ) ) ;
#1930 = CARTESIAN_POINT ( 'NONE',  ( -3.425616739919469900, 0.8125000000000000000, -0.8684373587251089700 ) ) ;
#1931 = ORIENTED_EDGE ( 'NONE', *, *, #188, .T. ) ;
#1932 = CARTESIAN_POINT ( 'NONE',  ( -3.425616739919469900, 0.06250000000000000000, -0.8684373587251089700 ) ) ;
#1933 = EDGE_LOOP ( 'NONE', ( #1098, #38, #325, #173 ) ) ;
#1934 = CC_DESIGN_PERSON_AND_ORGANIZATION_ASSIGNMENT ( #663, #1738, ( #975 ) ) ;
#1935 = DIRECTION ( 'NONE',  ( 0.0000000000000000000, 0.0000000000000000000, -1.000000000000000000 ) ) ;
#1936 = ORIENTED_EDGE ( 'NONE', *, *, #999, .F. ) ;
#1937 = DIRECTION ( 'NONE',  ( 0.0000000000000000000, 1.000000000000000000, 0.0000000000000000000 ) ) ;
#1938 = EDGE_LOOP ( 'NONE', ( #1453, #1601 ) ) ;
#1939 = CARTESIAN_POINT ( 'NONE',  ( 3.146628020764411300, 0.0000000000000000000, -3.103543307086613600 ) ) ;
#1940 = ORIENTED_EDGE ( 'NONE', *, *, #401, .T. ) ;
#1941 = VERTEX_POINT ( 'NONE', #126 ) ;
#1942 = EDGE_CURVE ( 'NONE', #2004, #1841, #1773, .T. ) ;
#1943 = ORIENTED_EDGE ( 'NONE', *, *, #284, .T. ) ;
#1944 = DIRECTION ( 'NONE',  ( 1.000000000000000000, 0.0000000000000000000, 0.0000000000000000000 ) ) ;
#1945 = ORGANIZATION ( 'UNSPECIFIED', 'UNSPECIFIED', '' ) ;
#1946 = CARTESIAN_POINT ( 'NONE',  ( -1.316440892519668000, 0.0000000000000000000, 0.9020399643638970000 ) ) ;
#1947 = AXIS2_PLACEMENT_3D ( 'NONE', #489, #482, #1897 ) ;
#1948 = LINE ( 'NONE', #683, #555 ) ;
#1949 = VECTOR ( 'NONE', #831, 39.37007874015748100 ) ;
#1950 = DIRECTION ( 'NONE',  ( 0.0000000000000000000, 1.000000000000000000, 0.0000000000000000000 ) ) ;
#1951 = LINE ( 'NONE', #1374, #514 ) ;
#1952 = CIRCLE ( 'NONE', #1441, 0.07933070866141757300 ) ;
#1953 = EDGE_CURVE ( 'NONE', #1808, #1348, #1359, .T. ) ;
#1954 = DIRECTION ( 'NONE',  ( 0.0000000000000000000, 0.0000000000000000000, 1.000000000000000000 ) ) ;
#1955 = VECTOR ( 'NONE', #627, 39.37007874015748100 ) ;
#1956 = CARTESIAN_POINT ( 'NONE',  ( -3.399821570848427800, 1.062500000000000000, 0.9071301123316827300 ) ) ;
#1957 = VERTEX_POINT ( 'NONE', #175 ) ;
#1958 = AXIS2_PLACEMENT_3D ( 'NONE', #309, #7, #157 ) ;
#1959 = ORIENTED_EDGE ( 'NONE', *, *, #1166, .T. ) ;
#1960 = DIRECTION ( 'NONE',  ( -0.0000000000000000000, -1.000000000000000000, -0.0000000000000000000 ) ) ;
#1961 = ORIENTED_EDGE ( 'NONE', *, *, #543, .T. ) ;
#1962 = CARTESIAN_POINT ( 'NONE',  ( -3.380054418203108000, 0.06250000000000000000, -2.497832205045992500 ) ) ;
#1963 = ORIENTED_EDGE ( 'NONE', *, *, #1767, .T. ) ;
#1964 = EDGE_LOOP ( 'NONE', ( #550, #110, #76, #1785 ) ) ;
#1965 = DIRECTION ( 'NONE',  ( 0.0000000000000000000, 0.0000000000000000000, 1.000000000000000000 ) ) ;
#1966 = EDGE_CURVE ( 'NONE', #202, #1126, #434, .T. ) ;
#1967 = ORIENTED_EDGE ( 'NONE', *, *, #1466, .F. ) ;
#1968 = PLANE ( 'NONE',  #1403 ) ;
#1969 = AXIS2_PLACEMENT_3D ( 'NONE', #375, #1310, #1480 ) ;
#1970 = LINE ( 'NONE', #1135, #613 ) ;
#1971 = CARTESIAN_POINT ( 'NONE',  ( -3.353371979235588700, 0.8125000000000000000, -1.087696295828978900 ) ) ;
#1972 = FACE_OUTER_BOUND ( 'NONE', #1698, .T. ) ;
#1973 = AXIS2_PLACEMENT_3D ( 'NONE', #2010, #1827, #1847 ) ;
#1974 = VECTOR ( 'NONE', #1414, 39.37007874015748100 ) ;
#1975 = VECTOR ( 'NONE', #604, 39.37007874015748100 ) ;
#1976 = CARTESIAN_POINT ( 'NONE',  ( 3.346456692913385700, 0.06250000000000000000, -3.346456692913385700 ) ) ;
#1977 = LINE ( 'NONE', #1160, #872 ) ;
#1978 = CARTESIAN_POINT ( 'NONE',  ( -2.468625111026256000, 0.06250000000000000000, -2.497832205045992500 ) ) ;
#1979 = ORIENTED_EDGE ( 'NONE', *, *, #1025, .F. ) ;
#1980 = EDGE_CURVE ( 'NONE', #133, #702, #287, .T. ) ;
#1981 = CARTESIAN_POINT ( 'NONE',  ( -1.316440892519668000, 0.0000000000000000000, -2.050715941147914100 ) ) ;
#1982 = ORIENTED_EDGE ( 'NONE', *, *, #1103, .F. ) ;
#1983 = CARTESIAN_POINT ( 'NONE',  ( 3.289725608242054300, 0.06250000000000000000, -2.738587116375727600 ) ) ;
#1984 = ORIENTED_EDGE ( 'NONE', *, *, #1286, .T. ) ;
#1985 = ORIENTED_EDGE ( 'NONE', *, *, #783, .F. ) ;
#1986 = VERTEX_POINT ( 'NONE', #6 ) ;
#1987 = DIRECTION ( 'NONE',  ( -1.000000000000000000, -0.0000000000000000000, -0.0000000000000000000 ) ) ;
#1988 = VERTEX_POINT ( 'NONE', #317 ) ;
#1989 = ADVANCED_FACE ( 'NONE', ( #1628 ), #637, .T. ) ;
#1990 = CARTESIAN_POINT ( 'NONE',  ( -2.570918517413951500, 0.06250000000000000000, -1.087696295828978900 ) ) ;
#1991 = DIRECTION ( 'NONE',  ( 0.0000000000000000000, 0.0000000000000000000, 1.000000000000000000 ) ) ;
#1992 = EDGE_CURVE ( 'NONE', #551, #1816, #1822, .T. ) ;
#1993 = FACE_BOUND ( 'NONE', #1380, .T. ) ;
#1994 = VECTOR ( 'NONE', #1112, 39.37007874015748100 ) ;
#1995 = PLANE ( 'NONE',  #779 ) ;
#1996 = CARTESIAN_POINT ( 'NONE',  ( -2.053371979235588500, 0.0000000000000000000, -3.183543307086613700 ) ) ;
#1997 = VECTOR ( 'NONE', #1863, 39.37007874015748100 ) ;
#1998 = ADVANCED_FACE ( 'NONE', ( #896 ), #436, .F. ) ;
#1999 = LINE ( 'NONE', #1513, #1854 ) ;
#2000 = VECTOR ( 'NONE', #1337, 39.37007874015748100 ) ;
#2001 = EDGE_CURVE ( 'NONE', #151, #133, #211, .T. ) ;
#2002 = EDGE_LOOP ( 'NONE', ( #1265, #307, #1004, #1840, #568, #324, #1252, #505, #741, #34, #1106, #1907, #1580, #484 ) ) ;
#2003 = DIRECTION ( 'NONE',  ( 0.0000000000000000000, -0.0000000000000000000, 1.000000000000000000 ) ) ;
#2004 = VERTEX_POINT ( 'NONE', #481 ) ;
#2005 = EDGE_CURVE ( 'NONE', #1740, #450, #1685, .T. ) ;
#2006 = ORIENTED_EDGE ( 'NONE', *, *, #585, .F. ) ;
#2007 = ORIENTED_EDGE ( 'NONE', *, *, #165, .F. ) ;
#2008 = AXIS2_PLACEMENT_3D ( 'NONE', #652, #1114, #185 ) ;
#2009 = ADVANCED_FACE ( 'NONE', ( #1468 ), #1255, .F. ) ;
#2010 = CARTESIAN_POINT ( 'NONE',  ( 3.146628020764411300, 0.06250000000000000000, 3.096456692913387000 ) ) ;
#2011 = CARTESIAN_POINT ( 'NONE',  ( -1.316440892519668000, 0.0000000000000000000, 0.9813706730253141100 ) ) ;
#2012 = DIRECTION ( 'NONE',  ( 0.0000000000000000000, 0.0000000000000000000, 1.000000000000000000 ) ) ;
#2013 = EDGE_LOOP ( 'NONE', ( #153, #2015, #562, #1892 ) ) ;
#2014 = DIRECTION ( 'NONE',  ( 0.0000000000000000000, 0.0000000000000000000, 1.000000000000000000 ) ) ;
#2015 = ORIENTED_EDGE ( 'NONE', *, *, #1295, .T. ) ;
#2016 = LINE ( 'NONE', #1261, #825 ) ;
ENDSEC;
END-ISO-10303-21;
