ISO-10303-21;
HEADER;
FILE_DESCRIPTION (( 'STEP AP214' ),
    '1' );
FILE_NAME ('Mini-ITX.STEP',
    '2020-04-29T07:12:39',
    ( '' ),
    ( '' ),
    'SwSTEP 2.0',
    'SolidWorks 2020',
    '' );
FILE_SCHEMA (( 'AUTOMOTIVE_DESIGN' ));
ENDSEC;

DATA;
#1 = VECTOR ( 'NONE', #269, 1000.000000000000000 ) ;
#2 = DIRECTION ( 'NONE',  ( 0.0000000000000000000, 0.0000000000000000000, 1.000000000000000000 ) ) ;
#3 = CARTESIAN_POINT ( 'NONE',  ( 78.50000000000002842, 12.84999999999999964, 28.75000000000003197 ) ) ;
#4 = VERTEX_POINT ( 'NONE', #1339 ) ;
#5 = AXIS2_PLACEMENT_3D ( 'NONE', #1112, #473, #980 ) ;
#6 = CARTESIAN_POINT ( 'NONE',  ( 31.00000000000001421, 0.0000000000000000000, 30.00000000000003197 ) ) ;
#7 = DIRECTION ( 'NONE',  ( -0.0000000000000000000, 1.000000000000000000, -0.0000000000000000000 ) ) ;
#8 = CARTESIAN_POINT ( 'NONE',  ( 78.83000000000004093, 0.0000000000000000000, 76.84000000000003183 ) ) ;
#9 = ORIENTED_EDGE ( 'NONE', *, *, #731, .F. ) ;
#10 = FACE_OUTER_BOUND ( 'NONE', #541, .T. ) ;
#11 = CARTESIAN_POINT ( 'NONE',  ( 0.0000000000000000000, 5.000000000000000888, -44.59999999999997300 ) ) ;
#12 = EDGE_CURVE ( 'NONE', #1399, #309, #849, .T. ) ;
#13 = ORIENTED_EDGE ( 'NONE', *, *, #1386, .T. ) ;
#14 = ORIENTED_EDGE ( 'NONE', *, *, #196, .F. ) ;
#15 = PRODUCT_RELATED_PRODUCT_CATEGORY ( 'part', '', ( #1594 ) ) ;
#16 = VECTOR ( 'NONE', #1013, 1000.000000000000000 ) ;
#17 = VECTOR ( 'NONE', #82, 1000.000000000000000 ) ;
#18 = EDGE_LOOP ( 'NONE', ( #1562, #1500, #530, #357 ) ) ;
#19 = EDGE_CURVE ( 'NONE', #1305, #200, #166, .T. ) ;
#20 = EDGE_CURVE ( 'NONE', #205, #699, #1153, .T. ) ;
#21 = CARTESIAN_POINT ( 'NONE',  ( 85.00000000000002842, 0.0000000000000000000, -1.474514954580286977E-14 ) ) ;
#22 = CARTESIAN_POINT ( 'NONE',  ( -58.99999999999998579, 0.0000000000000000000, 30.00000000000003197 ) ) ;
#23 = ORIENTED_EDGE ( 'NONE', *, *, #291, .T. ) ;
#24 = CARTESIAN_POINT ( 'NONE',  ( 31.00000000000001421, 1.600000000000000089, 27.00000000000003197 ) ) ;
#25 = AXIS2_PLACEMENT_3D ( 'NONE', #11, #1292, #1405 ) ;
#26 = ORIENTED_EDGE ( 'NONE', *, *, #140, .F. ) ;
#27 = ORIENTED_EDGE ( 'NONE', *, *, #1085, .F. ) ;
#28 = ADVANCED_FACE ( 'NONE', ( #945 ), #1459, .F. ) ;
#29 = CIRCLE ( 'NONE', #1556, 2.000000000000001776 ) ;
#30 = VERTEX_POINT ( 'NONE', #919 ) ;
#31 = CYLINDRICAL_SURFACE ( 'NONE', #807, 2.000000000000001776 ) ;
#32 = LINE ( 'NONE', #1065, #126 ) ;
#33 = ORIENTED_EDGE ( 'NONE', *, *, #910, .T. ) ;
#34 = DIRECTION ( 'NONE',  ( -0.0000000000000000000, -1.000000000000000000, -0.0000000000000000000 ) ) ;
#35 = DIRECTION ( 'NONE',  ( -0.0000000000000000000, -1.000000000000000000, -0.0000000000000000000 ) ) ;
#36 = CIRCLE ( 'NONE', #1110, 2.000000000000001776 ) ;
#37 = EDGE_LOOP ( 'NONE', ( #1078, #68, #290, #1176 ) ) ;
#38 = VERTEX_POINT ( 'NONE', #1182 ) ;
#39 = ORIENTED_EDGE ( 'NONE', *, *, #1473, .F. ) ;
#40 = DIRECTION ( 'NONE',  ( 0.0000000000000000000, 0.0000000000000000000, -1.000000000000000000 ) ) ;
#41 = ORIENTED_EDGE ( 'NONE', *, *, #1656, .T. ) ;
#42 = ORIENTED_EDGE ( 'NONE', *, *, #1389, .F. ) ;
#43 = CARTESIAN_POINT ( 'NONE',  ( -58.99999999999998579, 1.600000000000000089, 33.00000000000003553 ) ) ;
#44 = DIRECTION ( 'NONE',  ( -0.0000000000000000000, -1.000000000000000000, -0.0000000000000000000 ) ) ;
#45 = ORIENTED_EDGE ( 'NONE', *, *, #1628, .T. ) ;
#46 = ORIENTED_EDGE ( 'NONE', *, *, #133, .F. ) ;
#47 = MECHANICAL_DESIGN_GEOMETRIC_PRESENTATION_REPRESENTATION (  '', ( #1340 ), #1279 ) ;
#48 = CARTESIAN_POINT ( 'NONE',  ( 78.83000000000004093, 1.600000000000000089, 72.84000000000003183 ) ) ;
#49 = DIRECTION ( 'NONE',  ( 1.000000000000000000, 0.0000000000000000000, 0.0000000000000000000 ) ) ;
#50 = EDGE_CURVE ( 'NONE', #487, #1344, #32, .T. ) ;
#51 = UNCERTAINTY_MEASURE_WITH_UNIT (LENGTH_MEASURE( 1.000000000000000082E-05 ), #1002, 'distance_accuracy_value', 'NONE');
#52 = FACE_OUTER_BOUND ( 'NONE', #154, .T. ) ;
#53 = AXIS2_PLACEMENT_3D ( 'NONE', #698, #835, #62 ) ;
#54 = CARTESIAN_POINT ( 'NONE',  ( -84.99999999999998579, 1.600000000000000089, -79.99999999999994316 ) ) ;
#55 = ORIENTED_EDGE ( 'NONE', *, *, #915, .F. ) ;
#56 = ORIENTED_EDGE ( 'NONE', *, *, #1094, .F. ) ;
#57 = VECTOR ( 'NONE', #803, 1000.000000000000000 ) ;
#58 = LINE ( 'NONE', #1479, #190 ) ;
#59 = DIRECTION ( 'NONE',  ( -0.0000000000000000000, -1.000000000000000000, -0.0000000000000000000 ) ) ;
#60 = DIRECTION ( 'NONE',  ( 0.0000000000000000000, 0.0000000000000000000, 1.000000000000000000 ) ) ;
#61 = EDGE_CURVE ( 'NONE', #1169, #1067, #696, .T. ) ;
#62 = DIRECTION ( 'NONE',  ( -1.000000000000000000, 0.0000000000000000000, -0.0000000000000000000 ) ) ;
#63 = ORIENTED_EDGE ( 'NONE', *, *, #327, .T. ) ;
#64 = APPLICATION_CONTEXT ( 'automotive_design' ) ;
#65 = LINE ( 'NONE', #1096, #1403 ) ;
#66 = CARTESIAN_POINT ( 'NONE',  ( -86.39999999999996305, 41.60999999999999943, 90.10999999999999943 ) ) ;
#67 = DIRECTION ( 'NONE',  ( 0.0000000000000000000, 0.0000000000000000000, -1.000000000000000000 ) ) ;
#68 = ORIENTED_EDGE ( 'NONE', *, *, #1187, .F. ) ;
#69 = EDGE_CURVE ( 'NONE', #968, #1572, #1372, .T. ) ;
#70 = ORIENTED_EDGE ( 'NONE', *, *, #910, .F. ) ;
#71 = DIRECTION ( 'NONE',  ( 0.0000000000000000000, 0.0000000000000000000, 1.000000000000000000 ) ) ;
#72 = EDGE_CURVE ( 'NONE', #956, #161, #1074, .T. ) ;
#73 = LINE ( 'NONE', #1358, #373 ) ;
#74 = AXIS2_PLACEMENT_3D ( 'NONE', #100, #998, #866 ) ;
#75 = CARTESIAN_POINT ( 'NONE',  ( 0.0000000000000000000, 12.84999999999999964, 27.05000000000003268 ) ) ;
#76 = CARTESIAN_POINT ( 'NONE',  ( -79.99999999999998579, 1.600000000000000089, -79.99999999999997158 ) ) ;
#77 = EDGE_LOOP ( 'NONE', ( #656, #42, #633, #711 ) ) ;
#78 = CIRCLE ( 'NONE', #1455, 2.000000000000001776 ) ;
#79 = ORIENTED_EDGE ( 'NONE', *, *, #1085, .T. ) ;
#80 = DIRECTION ( 'NONE',  ( 0.0000000000000000000, 1.000000000000000000, -0.0000000000000000000 ) ) ;
#81 =( LENGTH_UNIT ( ) NAMED_UNIT ( * ) SI_UNIT ( .MILLI., .METRE. ) );
#82 = DIRECTION ( 'NONE',  ( -0.0000000000000000000, -1.000000000000000000, -0.0000000000000000000 ) ) ;
#83 = AXIS2_PLACEMENT_3D ( 'NONE', #1008, #1385, #1658 ) ;
#84 = FACE_BOUND ( 'NONE', #1301, .T. ) ;
#85 = ORIENTED_EDGE ( 'NONE', *, *, #140, .T. ) ;
#86 = CARTESIAN_POINT ( 'NONE',  ( -78.64999999999999147, 1.600000000000000089, -78.09999999999998010 ) ) ;
#87 = ADVANCED_FACE ( 'NONE', ( #1439 ), #1588, .T. ) ;
#88 = ORIENTED_EDGE ( 'NONE', *, *, #576, .T. ) ;
#89 = CARTESIAN_POINT ( 'NONE',  ( 0.0000000000000000000, 5.000000000000000888, 27.05000000000003268 ) ) ;
#90 = AXIS2_PLACEMENT_3D ( 'NONE', #606, #1376, #111 ) ;
#91 = CARTESIAN_POINT ( 'NONE',  ( -86.39999999999996305, 42.60999999999999943, 90.10999999999999943 ) ) ;
#92 = FACE_OUTER_BOUND ( 'NONE', #683, .T. ) ;
#93 = DIRECTION ( 'NONE',  ( -1.000000000000000000, -0.0000000000000000000, 0.0000000000000000000 ) ) ;
#94 = DIRECTION ( 'NONE',  ( -0.0000000000000000000, 0.0000000000000000000, 1.000000000000000000 ) ) ;
#95 = ORIENTED_EDGE ( 'NONE', *, *, #496, .F. ) ;
#96 = DIRECTION ( 'NONE',  ( 0.0000000000000000000, 0.0000000000000000000, -1.000000000000000000 ) ) ;
#97 = EDGE_CURVE ( 'NONE', #286, #474, #1528, .T. ) ;
#98 = FILL_AREA_STYLE_COLOUR ( '', #570 ) ;
#99 = VECTOR ( 'NONE', #367, 1000.000000000000000 ) ;
#100 = CARTESIAN_POINT ( 'NONE',  ( -87.39999999999996305, -1.239999999999993330, 90.10999999999999943 ) ) ;
#101 = EDGE_CURVE ( 'NONE', #675, #1497, #127, .T. ) ;
#102 = DIRECTION ( 'NONE',  ( 0.0000000000000000000, 1.000000000000000000, -0.0000000000000000000 ) ) ;
#103 = DIRECTION ( 'NONE',  ( 1.936885946659379706E-16, 0.0000000000000000000, 1.000000000000000000 ) ) ;
#104 = DIRECTION ( 'NONE',  ( 1.000000000000000000, -0.0000000000000000000, 0.0000000000000000000 ) ) ;
#105 = DIRECTION ( 'NONE',  ( -1.000000000000000000, 0.0000000000000000000, 0.0000000000000000000 ) ) ;
#106 = AXIS2_PLACEMENT_3D ( 'NONE', #1300, #252, #386 ) ;
#107 = DIRECTION ( 'NONE',  ( -0.0000000000000000000, -0.0000000000000000000, -1.000000000000000000 ) ) ;
#108 = ORIENTED_EDGE ( 'NONE', *, *, #1593, .F. ) ;
#109 = CARTESIAN_POINT ( 'NONE',  ( 0.0000000000000000000, 0.0000000000000000000, -84.99999999999997158 ) ) ;
#110 = CYLINDRICAL_SURFACE ( 'NONE', #254, 1.000000000000000888 ) ;
#111 = DIRECTION ( 'NONE',  ( 0.0000000000000000000, 0.0000000000000000000, -1.000000000000000000 ) ) ;
#112 = AXIS2_PLACEMENT_3D ( 'NONE', #761, #1288, #1162 ) ;
#113 = DIRECTION ( 'NONE',  ( -0.0000000000000000000, 1.000000000000000000, -0.0000000000000000000 ) ) ;
#114 = DIRECTION ( 'NONE',  ( 0.0000000000000000000, 0.0000000000000000000, 1.000000000000000000 ) ) ;
#115 = EDGE_CURVE ( 'NONE', #1336, #177, #778, .T. ) ;
#116 = ORIENTED_EDGE ( 'NONE', *, *, #1062, .F. ) ;
#117 = CARTESIAN_POINT ( 'NONE',  ( 80.00000000000001421, 1.600000000000000089, 85.00000000000002842 ) ) ;
#118 = CARTESIAN_POINT ( 'NONE',  ( -86.39999999999996305, 41.60999999999999943, 90.10999999999999943 ) ) ;
#119 = DIRECTION ( 'NONE',  ( -1.000000000000000000, 0.0000000000000000000, 0.0000000000000000000 ) ) ;
#120 = DIRECTION ( 'NONE',  ( -1.000000000000000000, 0.0000000000000000000, 0.0000000000000000000 ) ) ;
#121 = VERTEX_POINT ( 'NONE', #1025 ) ;
#122 = FACE_OUTER_BOUND ( 'NONE', #336, .T. ) ;
#123 = LINE ( 'NONE', #1664, #99 ) ;
#124 = LINE ( 'NONE', #642, #626 ) ;
#125 = CARTESIAN_POINT ( 'NONE',  ( 78.83000000000004093, 1.600000000000000089, 74.84000000000003183 ) ) ;
#126 = VECTOR ( 'NONE', #59, 1000.000000000000000 ) ;
#127 = LINE ( 'NONE', #1269, #877 ) ;
#128 = ORIENTED_EDGE ( 'NONE', *, *, #831, .F. ) ;
#129 = DIRECTION ( 'NONE',  ( 0.0000000000000000000, 1.000000000000000000, -0.0000000000000000000 ) ) ;
#130 = CYLINDRICAL_SURFACE ( 'NONE', #564, 1.999999999999994893 ) ;
#131 = AXIS2_PLACEMENT_3D ( 'NONE', #66, #420, #671 ) ;
#132 = DIRECTION ( 'NONE',  ( 0.0000000000000000000, 0.0000000000000000000, 1.000000000000000000 ) ) ;
#133 = EDGE_CURVE ( 'NONE', #556, #1356, #1317, .T. ) ;
#134 = CIRCLE ( 'NONE', #1106, 1.999999999999994893 ) ;
#135 = ORIENTED_EDGE ( 'NONE', *, *, #97, .F. ) ;
#136 = CARTESIAN_POINT ( 'NONE',  ( -84.99999999999997158, 1.600000000000000089, 80.00000000000000000 ) ) ;
#137 = PLANE ( 'NONE',  #1043 ) ;
#138 = ORIENTED_EDGE ( 'NONE', *, *, #562, .F. ) ;
#139 = EDGE_CURVE ( 'NONE', #898, #240, #159, .T. ) ;
#140 = EDGE_CURVE ( 'NONE', #1444, #536, #78, .T. ) ;
#141 = ADVANCED_FACE ( 'NONE', ( #1397 ), #637, .T. ) ;
#142 = ORIENTED_EDGE ( 'NONE', *, *, #445, .T. ) ;
#143 = CARTESIAN_POINT ( 'NONE',  ( 78.83000000000002672, 1.600000000000000089, -78.09999999999998010 ) ) ;
#144 = ADVANCED_FACE ( 'NONE', ( #1149 ), #1429, .F. ) ;
#145 = CARTESIAN_POINT ( 'NONE',  ( -58.99999999999998579, 1.600000000000000089, -26.99999999999996092 ) ) ;
#146 = ORIENTED_EDGE ( 'NONE', *, *, #1441, .T. ) ;
#147 = EDGE_CURVE ( 'NONE', #161, #1431, #509, .T. ) ;
#148 = CARTESIAN_POINT ( 'NONE',  ( 0.0000000000000000000, 1.600000000000000089, -84.99999999999997158 ) ) ;
#149 = VERTEX_POINT ( 'NONE', #1560 ) ;
#150 = ORIENTED_EDGE ( 'NONE', *, *, #440, .F. ) ;
#151 = ORIENTED_EDGE ( 'NONE', *, *, #471, .T. ) ;
#152 = AXIS2_PLACEMENT_3D ( 'NONE', #366, #1271, #1413 ) ;
#153 = CIRCLE ( 'NONE', #1093, 2.000000000000001776 ) ;
#154 = EDGE_LOOP ( 'NONE', ( #568, #1115, #278, #372 ) ) ;
#155 = FACE_OUTER_BOUND ( 'NONE', #1421, .T. ) ;
#156 = CARTESIAN_POINT ( 'NONE',  ( 31.00000000000001421, 1.600000000000000089, 30.00000000000003197 ) ) ;
#157 = ORIENTED_EDGE ( 'NONE', *, *, #576, .F. ) ;
#158 = CYLINDRICAL_SURFACE ( 'NONE', #1426, 2.000000000000001776 ) ;
#159 = CIRCLE ( 'NONE', #369, 3.000000000000002665 ) ;
#160 = CARTESIAN_POINT ( 'NONE',  ( -58.99999999999998579, 1.600000000000000089, -26.99999999999996092 ) ) ;
#161 = VERTEX_POINT ( 'NONE', #3 ) ;
#162 = ORIENTED_EDGE ( 'NONE', *, *, #321, .T. ) ;
#163 = AXIS2_PLACEMENT_3D ( 'NONE', #840, #1597, #441 ) ;
#164 = EDGE_LOOP ( 'NONE', ( #162, #400, #884, #927, #966, #651, #1454, #1522 ) ) ;
#165 = CARTESIAN_POINT ( 'NONE',  ( -78.64999999999999147, 1.600000000000000089, -80.09999999999998010 ) ) ;
#166 = LINE ( 'NONE', #1332, #1015 ) ;
#167 = VERTEX_POINT ( 'NONE', #145 ) ;
#168 = LINE ( 'NONE', #566, #1156 ) ;
#169 = ADVANCED_FACE ( 'NONE', ( #409 ), #1529, .F. ) ;
#170 = LINE ( 'NONE', #160, #1420 ) ;
#171 = VECTOR ( 'NONE', #1381, 1000.000000000000000 ) ;
#172 = EDGE_LOOP ( 'NONE', ( #1544, #300 ) ) ;
#173 = ORIENTED_EDGE ( 'NONE', *, *, #321, .F. ) ;
#174 = EDGE_CURVE ( 'NONE', #699, #551, #379, .T. ) ;
#175 = VERTEX_POINT ( 'NONE', #274 ) ;
#176 = CARTESIAN_POINT ( 'NONE',  ( 80.00000000000001421, 1.600000000000000089, 85.00000000000002842 ) ) ;
#177 = VERTEX_POINT ( 'NONE', #1166 ) ;
#178 = DIRECTION ( 'NONE',  ( 0.0000000000000000000, 1.000000000000000000, -0.0000000000000000000 ) ) ;
#179 = LINE ( 'NONE', #1622, #1348 ) ;
#180 = ORIENTED_EDGE ( 'NONE', *, *, #1415, .F. ) ;
#181 = ORIENTED_EDGE ( 'NONE', *, *, #393, .T. ) ;
#182 = PRODUCT_DEFINITION_SHAPE ( 'NONE', 'NONE',  #1263 ) ;
#183 = DIRECTION ( 'NONE',  ( 0.0000000000000000000, 1.000000000000000000, -0.0000000000000000000 ) ) ;
#184 = ORIENTED_EDGE ( 'NONE', *, *, #1564, .T. ) ;
#185 = LINE ( 'NONE', #284, #648 ) ;
#186 = VECTOR ( 'NONE', #313, 1000.000000000000000 ) ;
#187 = LINE ( 'NONE', #1222, #767 ) ;
#188 = ORIENTED_EDGE ( 'NONE', *, *, #793, .F. ) ;
#189 = CIRCLE ( 'NONE', #826, 2.000000000000001776 ) ;
#190 = VECTOR ( 'NONE', #824, 1000.000000000000000 ) ;
#191 = MECHANICAL_DESIGN_GEOMETRIC_PRESENTATION_REPRESENTATION (  '', ( #1104 ), #993 ) ;
#192 = DIRECTION ( 'NONE',  ( 0.0000000000000000000, 0.0000000000000000000, 1.000000000000000000 ) ) ;
#193 = DIRECTION ( 'NONE',  ( 0.0000000000000000000, 0.0000000000000000000, -1.000000000000000000 ) ) ;
#194 = VECTOR ( 'NONE', #105, 1000.000000000000000 ) ;
#195 = PLANE ( 'NONE',  #53 ) ;
#196 = EDGE_CURVE ( 'NONE', #1169, #544, #763, .T. ) ;
#197 = ORIENTED_EDGE ( 'NONE', *, *, #1129, .F. ) ;
#198 = ADVANCED_FACE ( 'NONE', ( #1411 ), #755, .T. ) ;
#199 = ADVANCED_FACE ( 'NONE', ( #1550 ), #137, .T. ) ;
#200 = VERTEX_POINT ( 'NONE', #645 ) ;
#201 = CARTESIAN_POINT ( 'NONE',  ( 78.83000000000002672, 0.0000000000000000000, -80.09999999999998010 ) ) ;
#202 = DIRECTION ( 'NONE',  ( 0.0000000000000000000, 0.0000000000000000000, 1.000000000000000000 ) ) ;
#203 = LINE ( 'NONE', #859, #171 ) ;
#204 = VERTEX_POINT ( 'NONE', #1158 ) ;
#205 = VERTEX_POINT ( 'NONE', #1543 ) ;
#206 = FACE_OUTER_BOUND ( 'NONE', #846, .T. ) ;
#207 = LINE ( 'NONE', #1236, #17 ) ;
#208 = MANIFOLD_SOLID_BREP ( 'Cut-Extrude1', #1303 ) ;
#209 = DIRECTION ( 'NONE',  ( 1.000000000000000000, 0.0000000000000000000, -0.0000000000000000000 ) ) ;
#210 = ORIENTED_EDGE ( 'NONE', *, *, #784, .T. ) ;
#211 = ORIENTED_EDGE ( 'NONE', *, *, #1343, .F. ) ;
#212 = LINE ( 'NONE', #601, #621 ) ;
#213 = CARTESIAN_POINT ( 'NONE',  ( -87.39999999999996305, -1.239999999999993330, 90.10999999999999943 ) ) ;
#214 = VECTOR ( 'NONE', #1064, 1000.000000000000000 ) ;
#215 = FACE_BOUND ( 'NONE', #638, .T. ) ;
#216 = ORIENTED_EDGE ( 'NONE', *, *, #315, .T. ) ;
#217 = LINE ( 'NONE', #720, #1620 ) ;
#218 = EDGE_CURVE ( 'NONE', #920, #1178, #1491, .T. ) ;
#219 = EDGE_CURVE ( 'NONE', #1178, #1435, #1552, .T. ) ;
#220 = ORIENTED_EDGE ( 'NONE', *, *, #50, .T. ) ;
#221 = CARTESIAN_POINT ( 'NONE',  ( -86.39999999999996305, -1.240000000000000435, 87.10999999999999943 ) ) ;
#222 = DIRECTION ( 'NONE',  ( 0.0000000000000000000, -1.000000000000000000, 0.0000000000000000000 ) ) ;
#223 = CARTESIAN_POINT ( 'NONE',  ( -78.64999999999999147, 1.600000000000000089, -80.09999999999998010 ) ) ;
#224 = DIRECTION ( 'NONE',  ( 0.0000000000000000000, 0.0000000000000000000, 1.000000000000000000 ) ) ;
#225 = SURFACE_SIDE_STYLE ('',( #491 ) ) ;
#226 = EDGE_LOOP ( 'NONE', ( #1215, #135 ) ) ;
#227 = DIRECTION ( 'NONE',  ( -0.0000000000000000000, -1.000000000000000000, -0.0000000000000000000 ) ) ;
#228 = EDGE_CURVE ( 'NONE', #167, #1336, #1400, .T. ) ;
#229 = CIRCLE ( 'NONE', #1657, 3.000000000000002665 ) ;
#230 = DIRECTION ( 'NONE',  ( 1.000000000000000000, 0.0000000000000000000, 0.0000000000000000000 ) ) ;
#231 = ORIENTED_EDGE ( 'NONE', *, *, #609, .F. ) ;
#232 = VECTOR ( 'NONE', #725, 1000.000000000000000 ) ;
#233 = DIRECTION ( 'NONE',  ( 0.0000000000000000000, 1.000000000000000000, 0.0000000000000000000 ) ) ;
#234 = FACE_OUTER_BOUND ( 'NONE', #822, .T. ) ;
#235 = DIRECTION ( 'NONE',  ( 0.0000000000000000000, 1.000000000000000000, -0.0000000000000000000 ) ) ;
#236 = CARTESIAN_POINT ( 'NONE',  ( 80.00000000000001421, 0.0000000000000000000, 85.00000000000002842 ) ) ;
#237 = EDGE_CURVE ( 'NONE', #1344, #1433, #189, .T. ) ;
#238 = VECTOR ( 'NONE', #501, 1000.000000000000000 ) ;
#239 = DIRECTION ( 'NONE',  ( 0.0000000000000000000, 1.000000000000000000, -0.0000000000000000000 ) ) ;
#240 = VERTEX_POINT ( 'NONE', #1249 ) ;
#241 = CIRCLE ( 'NONE', #1480, 1.000000000000000888 ) ;
#242 = CARTESIAN_POINT ( 'NONE',  ( 31.00000000000001421, 1.600000000000000089, -26.99999999999996092 ) ) ;
#243 = CARTESIAN_POINT ( 'NONE',  ( 0.0000000000000000000, 1.600000000000000089, -84.99999999999997158 ) ) ;
#244 = DIRECTION ( 'NONE',  ( -0.0000000000000000000, -1.000000000000000000, -0.0000000000000000000 ) ) ;
#245 = AXIS2_PLACEMENT_3D ( 'NONE', #590, #462, #209 ) ;
#246 = CARTESIAN_POINT ( 'NONE',  ( 85.00000000000002842, 1.600000000000000089, -1.474514954580286977E-14 ) ) ;
#247 = ORIENTED_EDGE ( 'NONE', *, *, #850, .F. ) ;
#248 = CARTESIAN_POINT ( 'NONE',  ( 73.50000000000004263, 12.84999999999999964, -46.59999999999995879 ) ) ;
#249 = LINE ( 'NONE', #1642, #1394 ) ;
#250 = LINE ( 'NONE', #1665, #700 ) ;
#251 = DIRECTION ( 'NONE',  ( 0.0000000000000000000, -1.000000000000000000, 0.0000000000000000000 ) ) ;
#252 = DIRECTION ( 'NONE',  ( 0.0000000000000000000, -1.000000000000000000, 0.0000000000000000000 ) ) ;
#253 = VERTEX_POINT ( 'NONE', #1369 ) ;
#254 = AXIS2_PLACEMENT_3D ( 'NONE', #118, #628, #1248 ) ;
#255 = CARTESIAN_POINT ( 'NONE',  ( -78.64999999999997726, 0.0000000000000000000, 51.98000000000003240 ) ) ;
#256 = FACE_OUTER_BOUND ( 'NONE', #1297, .T. ) ;
#257 = EDGE_CURVE ( 'NONE', #1384, #598, #746, .T. ) ;
#258 = LINE ( 'NONE', #894, #1614 ) ;
#259 = EDGE_LOOP ( 'NONE', ( #330, #649, #1225, #407 ) ) ;
#260 = AXIS2_PLACEMENT_3D ( 'NONE', #672, #1188, #939 ) ;
#261 = DIRECTION ( 'NONE',  ( -0.0000000000000000000, -0.0000000000000000000, -1.000000000000000000 ) ) ;
#262 = CARTESIAN_POINT ( 'NONE',  ( 31.00000000000001421, 1.600000000000000089, 33.00000000000003553 ) ) ;
#263 = EDGE_LOOP ( 'NONE', ( #1553, #381, #116, #721 ) ) ;
#264 = EDGE_CURVE ( 'NONE', #532, #1113, #853, .T. ) ;
#265 = DIRECTION ( 'NONE',  ( -0.0000000000000000000, -1.000000000000000000, -0.0000000000000000000 ) ) ;
#266 = DIRECTION ( 'NONE',  ( -0.0000000000000000000, 0.0000000000000000000, 1.000000000000000000 ) ) ;
#267 = VECTOR ( 'NONE', #34, 1000.000000000000000 ) ;
#268 = EDGE_CURVE ( 'NONE', #474, #286, #1611, .T. ) ;
#269 = DIRECTION ( 'NONE',  ( -0.0000000000000000000, -1.000000000000000000, -0.0000000000000000000 ) ) ;
#270 = AXIS2_PLACEMENT_3D ( 'NONE', #1310, #251, #896 ) ;
#271 = ORIENTED_EDGE ( 'NONE', *, *, #1037, .T. ) ;
#272 = CARTESIAN_POINT ( 'NONE',  ( 81.00000000000002842, 12.84999999999999964, -1.263034620711203990E-14 ) ) ;
#273 = EDGE_CURVE ( 'NONE', #1305, #1384, #217, .T. ) ;
#274 = CARTESIAN_POINT ( 'NONE',  ( -78.64999999999997726, 1.600000000000000089, 53.98000000000002530 ) ) ;
#275 = ORIENTED_EDGE ( 'NONE', *, *, #1066, .F. ) ;
#276 = FACE_OUTER_BOUND ( 'NONE', #18, .T. ) ;
#277 = ORIENTED_EDGE ( 'NONE', *, *, #1593, .T. ) ;
#278 = ORIENTED_EDGE ( 'NONE', *, *, #1267, .F. ) ;
#279 = ORIENTED_EDGE ( 'NONE', *, *, #742, .T. ) ;
#280 = ORIENTED_EDGE ( 'NONE', *, *, #19, .F. ) ;
#281 = FACE_OUTER_BOUND ( 'NONE', #1427, .T. ) ;
#282 = DIRECTION ( 'NONE',  ( 0.0000000000000000000, 0.0000000000000000000, -1.000000000000000000 ) ) ;
#283 = EDGE_LOOP ( 'NONE', ( #180, #1551, #210, #1124 ) ) ;
#284 = CARTESIAN_POINT ( 'NONE',  ( 73.50000000000004263, 1.600000000000000089, 0.0000000000000000000 ) ) ;
#285 = DIRECTION ( 'NONE',  ( -1.734723475976807834E-16, 0.0000000000000000000, -1.000000000000000000 ) ) ;
#286 = VERTEX_POINT ( 'NONE', #1239 ) ;
#287 = VERTEX_POINT ( 'NONE', #86 ) ;
#288 = AXIS2_PLACEMENT_3D ( 'NONE', #1506, #224, #869 ) ;
#289 = CIRCLE ( 'NONE', #1232, 5.000000000000004441 ) ;
#290 = ORIENTED_EDGE ( 'NONE', *, *, #1656, .F. ) ;
#291 = EDGE_CURVE ( 'NONE', #1595, #536, #1114, .T. ) ;
#292 = DIRECTION ( 'NONE',  ( 0.0000000000000000000, 0.0000000000000000000, 1.000000000000000000 ) ) ;
#293 = DIRECTION ( 'NONE',  ( -0.0000000000000000000, -1.000000000000000000, -0.0000000000000000000 ) ) ;
#294 = ORIENTED_EDGE ( 'NONE', *, *, #1659, .F. ) ;
#295 = CARTESIAN_POINT ( 'NONE',  ( -58.99999999999998579, 1.600000000000000089, 27.00000000000003197 ) ) ;
#296 = AXIS2_PLACEMENT_3D ( 'NONE', #156, #311, #435 ) ;
#297 = CARTESIAN_POINT ( 'NONE',  ( -58.99999999999998579, 1.600000000000000089, 30.00000000000003197 ) ) ;
#298 = ADVANCED_FACE ( 'NONE', ( #475 ), #1507, .F. ) ;
#299 = EDGE_LOOP ( 'NONE', ( #1259, #655, #829, #916 ) ) ;
#300 = ORIENTED_EDGE ( 'NONE', *, *, #519, .T. ) ;
#301 = ORIENTED_EDGE ( 'NONE', *, *, #115, .F. ) ;
#302 = DIRECTION ( 'NONE',  ( 1.000000000000000000, 0.0000000000000000000, 0.0000000000000000000 ) ) ;
#303 = DIRECTION ( 'NONE',  ( 0.0000000000000000000, 1.000000000000000000, -0.0000000000000000000 ) ) ;
#304 = EDGE_LOOP ( 'NONE', ( #874, #950, #1530, #1163 ) ) ;
#305 = FACE_BOUND ( 'NONE', #172, .T. ) ;
#306 = CARTESIAN_POINT ( 'NONE',  ( 0.0000000000000000000, 12.84999999999999964, -46.59999999999995879 ) ) ;
#307 = AXIS2_PLACEMENT_3D ( 'NONE', #734, #990, #1247 ) ;
#308 = ORIENTED_EDGE ( 'NONE', *, *, #69, .T. ) ;
#309 = VERTEX_POINT ( 'NONE', #1122 ) ;
#310 = CARTESIAN_POINT ( 'NONE',  ( -58.99999999999998579, 0.0000000000000000000, -23.99999999999995737 ) ) ;
#311 = DIRECTION ( 'NONE',  ( 0.0000000000000000000, 1.000000000000000000, -0.0000000000000000000 ) ) ;
#312 = DIRECTION ( 'NONE',  ( -0.0000000000000000000, 1.000000000000000000, -0.0000000000000000000 ) ) ;
#313 = DIRECTION ( 'NONE',  ( 1.000000000000000000, 0.0000000000000000000, 0.0000000000000000000 ) ) ;
#314 = VERTEX_POINT ( 'NONE', #352 ) ;
#315 = EDGE_CURVE ( 'NONE', #30, #920, #861, .T. ) ;
#316 = VECTOR ( 'NONE', #661, 1000.000000000000000 ) ;
#317 = DIRECTION ( 'NONE',  ( -1.000000000000000000, 0.0000000000000000000, 0.0000000000000000000 ) ) ;
#318 = ADVANCED_FACE ( 'NONE', ( #654 ), #1615, .F. ) ;
#319 = DIRECTION ( 'NONE',  ( 0.0000000000000000000, 1.000000000000000000, -0.0000000000000000000 ) ) ;
#320 = DIRECTION ( 'NONE',  ( -1.000000000000000000, 0.0000000000000000000, 0.0000000000000000000 ) ) ;
#321 = EDGE_CURVE ( 'NONE', #905, #1231, #1101, .T. ) ;
#322 = EDGE_CURVE ( 'NONE', #891, #149, #710, .T. ) ;
#323 = ORIENTED_EDGE ( 'NONE', *, *, #1143, .T. ) ;
#324 = VECTOR ( 'NONE', #361, 1000.000000000000000 ) ;
#325 = AXIS2_PLACEMENT_3D ( 'NONE', #834, #740, #715 ) ;
#326 = LINE ( 'NONE', #1081, #1010 ) ;
#327 = EDGE_CURVE ( 'NONE', #414, #675, #1022, .T. ) ;
#328 = FACE_OUTER_BOUND ( 'NONE', #422, .T. ) ;
#329 = LINE ( 'NONE', #117, #378 ) ;
#330 = ORIENTED_EDGE ( 'NONE', *, *, #618, .F. ) ;
#331 = VERTEX_POINT ( 'NONE', #843 ) ;
#332 = DIRECTION ( 'NONE',  ( -0.0000000000000000000, -1.000000000000000000, -0.0000000000000000000 ) ) ;
#333 =( NAMED_UNIT ( * ) SI_UNIT ( $, .STERADIAN. ) SOLID_ANGLE_UNIT ( ) );
#334 = DIRECTION ( 'NONE',  ( 0.0000000000000000000, 1.000000000000000000, -0.0000000000000000000 ) ) ;
#335 = FACE_BOUND ( 'NONE', #565, .T. ) ;
#336 = EDGE_LOOP ( 'NONE', ( #416, #1557, #14, #1250 ) ) ;
#337 = ORIENTED_EDGE ( 'NONE', *, *, #977, .F. ) ;
#338 = CARTESIAN_POINT ( 'NONE',  ( 0.0000000000000000000, 12.84999999999999964, 40.40000000000003411 ) ) ;
#339 = CARTESIAN_POINT ( 'NONE',  ( -84.99999999999997158, 0.0000000000000000000, 80.00000000000000000 ) ) ;
#340 = CARTESIAN_POINT ( 'NONE',  ( -78.64999999999997726, 0.0000000000000000000, 49.98000000000003951 ) ) ;
#341 = VECTOR ( 'NONE', #320, 1000.000000000000000 ) ;
#342 = DIRECTION ( 'NONE',  ( 0.0000000000000000000, 1.000000000000000000, -0.0000000000000000000 ) ) ;
#343 = ORIENTED_EDGE ( 'NONE', *, *, #415, .T. ) ;
#344 = ADVANCED_FACE ( 'NONE', ( #868, #1632, #1000 ), #1489, .F. ) ;
#345 = ORIENTED_EDGE ( 'NONE', *, *, #1364, .F. ) ;
#346 = CARTESIAN_POINT ( 'NONE',  ( -78.64999999999997726, 1.600000000000000089, 51.98000000000003240 ) ) ;
#347 = CIRCLE ( 'NONE', #131, 1.000000000000000888 ) ;
#348 = LINE ( 'NONE', #603, #1395 ) ;
#349 = VECTOR ( 'NONE', #244, 1000.000000000000000 ) ;
#350 = DIRECTION ( 'NONE',  ( -0.0000000000000000000, -1.000000000000000000, -0.0000000000000000000 ) ) ;
#351 = FACE_OUTER_BOUND ( 'NONE', #1306, .T. ) ;
#352 = CARTESIAN_POINT ( 'NONE',  ( 78.83000000000002672, 0.0000000000000000000, -78.09999999999998010 ) ) ;
#353 = ADVANCED_FACE ( 'NONE', ( #718, #965, #335, #1237, #1623, #744, #84, #215, #1261, #836 ), #597, .T. ) ;
#354 = ORIENTED_EDGE ( 'NONE', *, *, #1026, .T. ) ;
#355 = CARTESIAN_POINT ( 'NONE',  ( 78.83000000000002672, 1.600000000000000089, -78.09999999999998010 ) ) ;
#356 = CARTESIAN_POINT ( 'NONE',  ( 76.00000000000002842, 12.84999999999999964, 28.75000000000003197 ) ) ;
#357 = ORIENTED_EDGE ( 'NONE', *, *, #139, .F. ) ;
#358 = DIRECTION ( 'NONE',  ( 0.0000000000000000000, 0.0000000000000000000, -1.000000000000000000 ) ) ;
#359 = DIRECTION ( 'NONE',  ( -1.000000000000000000, 0.0000000000000000000, -0.0000000000000000000 ) ) ;
#360 = CLOSED_SHELL ( 'NONE', ( #1639, #362, #1471, #1118, #1299, #918, #653, #989, #368, #169 ) ) ;
#361 = DIRECTION ( 'NONE',  ( 1.000000000000000000, 0.0000000000000000000, 0.0000000000000000000 ) ) ;
#362 = ADVANCED_FACE ( 'NONE', ( #851 ), #1390, .F. ) ;
#363 = AXIS2_PLACEMENT_3D ( 'NONE', #255, #129, #1408 ) ;
#364 = VERTEX_POINT ( 'NONE', #627 ) ;
#365 = AXIS2_PLACEMENT_3D ( 'NONE', #1363, #1338, #694 ) ;
#366 = CARTESIAN_POINT ( 'NONE',  ( 31.00000000000001421, 1.600000000000000089, 30.00000000000003197 ) ) ;
#367 = DIRECTION ( 'NONE',  ( -0.0000000000000000000, -1.000000000000000000, -0.0000000000000000000 ) ) ;
#368 = ADVANCED_FACE ( 'NONE', ( #92 ), #1516, .T. ) ;
#369 = AXIS2_PLACEMENT_3D ( 'NONE', #22, #1535, #632 ) ;
#370 = LINE ( 'NONE', #1404, #349 ) ;
#371 = CARTESIAN_POINT ( 'NONE',  ( 76.00000000000004263, 5.000000000000000888, 0.0000000000000000000 ) ) ;
#372 = ORIENTED_EDGE ( 'NONE', *, *, #437, .T. ) ;
#373 = VECTOR ( 'NONE', #602, 1000.000000000000000 ) ;
#374 = LINE ( 'NONE', #1005, #872 ) ;
#375 = CARTESIAN_POINT ( 'NONE',  ( 78.83000000000002672, 1.600000000000000089, -82.09999999999998010 ) ) ;
#376 = AXIS2_PLACEMENT_3D ( 'NONE', #907, #261, #554 ) ;
#377 = CARTESIAN_POINT ( 'NONE',  ( 81.00000000000001421, 12.84999999999999964, -46.59999999999995879 ) ) ;
#378 = VECTOR ( 'NONE', #1523, 1000.000000000000000 ) ;
#379 = LINE ( 'NONE', #262, #238 ) ;
#380 = ADVANCED_FACE ( 'NONE', ( #481 ), #1140, .T. ) ;
#381 = ORIENTED_EDGE ( 'NONE', *, *, #115, .T. ) ;
#382 = DIRECTION ( 'NONE',  ( 0.0000000000000000000, 1.000000000000000000, -0.0000000000000000000 ) ) ;
#383 = DIRECTION ( 'NONE',  ( -0.0000000000000000000, -0.0000000000000000000, -1.000000000000000000 ) ) ;
#384 = DIRECTION ( 'NONE',  ( 0.0000000000000000000, 1.000000000000000000, -0.0000000000000000000 ) ) ;
#385 = CYLINDRICAL_SURFACE ( 'NONE', #1018, 5.000000000000004441 ) ;
#386 = DIRECTION ( 'NONE',  ( 0.0000000000000000000, -0.0000000000000000000, -1.000000000000000000 ) ) ;
#387 = ORIENTED_EDGE ( 'NONE', *, *, #1267, .T. ) ;
#388 = AXIS2_PLACEMENT_3D ( 'NONE', #243, #753, #359 ) ;
#389 = DIRECTION ( 'NONE',  ( 0.0000000000000000000, 0.0000000000000000000, 1.000000000000000000 ) ) ;
#390 = EDGE_CURVE ( 'NONE', #1412, #1399, #203, .T. ) ;
#391 = CARTESIAN_POINT ( 'NONE',  ( 70.35000000000003695, 41.60999999999999943, 87.10999999999999943 ) ) ;
#392 = ORIENTED_EDGE ( 'NONE', *, *, #1337, .F. ) ;
#393 = EDGE_CURVE ( 'NONE', #1595, #287, #36, .T. ) ;
#394 = CARTESIAN_POINT ( 'NONE',  ( -79.99999999999995737, 1.600000000000000089, 80.00000000000002842 ) ) ;
#395 = VERTEX_POINT ( 'NONE', #1131 ) ;
#396 = VECTOR ( 'NONE', #766, 1000.000000000000000 ) ;
#397 = DIRECTION ( 'NONE',  ( -0.0000000000000000000, -1.000000000000000000, -0.0000000000000000000 ) ) ;
#398 = DIRECTION ( 'NONE',  ( 0.0000000000000000000, 1.000000000000000000, -0.0000000000000000000 ) ) ;
#399 = AXIS2_PLACEMENT_3D ( 'NONE', #483, #1617, #1105 ) ;
#400 = ORIENTED_EDGE ( 'NONE', *, *, #1041, .F. ) ;
#401 = AXIS2_PLACEMENT_3D ( 'NONE', #430, #44, #1582 ) ;
#402 =( NAMED_UNIT ( * ) SI_UNIT ( $, .STERADIAN. ) SOLID_ANGLE_UNIT ( ) );
#403 = AXIS2_PLACEMENT_3D ( 'NONE', #1458, #434, #302 ) ;
#404 = ORIENTED_EDGE ( 'NONE', *, *, #237, .F. ) ;
#405 = ORIENTED_EDGE ( 'NONE', *, *, #1087, .F. ) ;
#406 = CIRCLE ( 'NONE', #1561, 5.000000000000004441 ) ;
#407 = ORIENTED_EDGE ( 'NONE', *, *, #519, .F. ) ;
#408 = DIRECTION ( 'NONE',  ( 0.0000000000000000000, 1.000000000000000000, -0.0000000000000000000 ) ) ;
#409 = FACE_OUTER_BOUND ( 'NONE', #579, .T. ) ;
#410 = VERTEX_POINT ( 'NONE', #1641 ) ;
#411 = FACE_OUTER_BOUND ( 'NONE', #304, .T. ) ;
#412 = ORIENTED_EDGE ( 'NONE', *, *, #20, .T. ) ;
#413 = EDGE_LOOP ( 'NONE', ( #41, #802, #1640, #704 ) ) ;
#414 = VERTEX_POINT ( 'NONE', #489 ) ;
#415 = EDGE_CURVE ( 'NONE', #149, #532, #970, .T. ) ;
#416 = ORIENTED_EDGE ( 'NONE', *, *, #1659, .T. ) ;
#417 = CARTESIAN_POINT ( 'NONE',  ( -79.99999999999995737, 1.600000000000000089, 80.00000000000002842 ) ) ;
#418 = ORIENTED_EDGE ( 'NONE', *, *, #592, .F. ) ;
#419 = ORIENTED_EDGE ( 'NONE', *, *, #760, .T. ) ;
#420 = DIRECTION ( 'NONE',  ( 0.0000000000000000000, 0.0000000000000000000, 1.000000000000000000 ) ) ;
#421 = PRESENTATION_STYLE_ASSIGNMENT (( #781 ) ) ;
#422 = EDGE_LOOP ( 'NONE', ( #1626, #975, #1050, #216 ) ) ;
#423 = ORIENTED_EDGE ( 'NONE', *, *, #1032, .F. ) ;
#424 = ORIENTED_EDGE ( 'NONE', *, *, #1512, .T. ) ;
#425 = CARTESIAN_POINT ( 'NONE',  ( 76.00000000000002842, 5.000000000000000888, 28.75000000000003197 ) ) ;
#426 = EDGE_LOOP ( 'NONE', ( #1318, #1662, #593, #1084 ) ) ;
#427 = EDGE_LOOP ( 'NONE', ( #757, #1440, #561, #837 ) ) ;
#428 = FACE_OUTER_BOUND ( 'NONE', #903, .T. ) ;
#429 = AXIS2_PLACEMENT_3D ( 'NONE', #679, #1202, #687 ) ;
#430 = CARTESIAN_POINT ( 'NONE',  ( -58.99999999999998579, 1.600000000000000089, 30.00000000000003197 ) ) ;
#431 = ORIENTED_EDGE ( 'NONE', *, *, #949, .T. ) ;
#432 = ORIENTED_EDGE ( 'NONE', *, *, #940, .T. ) ;
#433 = VECTOR ( 'NONE', #312, 1000.000000000000000 ) ;
#434 = DIRECTION ( 'NONE',  ( -0.0000000000000000000, 0.0000000000000000000, 1.000000000000000000 ) ) ;
#435 = DIRECTION ( 'NONE',  ( 0.0000000000000000000, 0.0000000000000000000, 1.000000000000000000 ) ) ;
#436 = FACE_BOUND ( 'NONE', #585, .T. ) ;
#437 = EDGE_CURVE ( 'NONE', #1051, #1178, #329, .T. ) ;
#438 = CARTESIAN_POINT ( 'NONE',  ( 78.83000000000004093, 0.0000000000000000000, 74.84000000000003183 ) ) ;
#439 = ORIENTED_EDGE ( 'NONE', *, *, #549, .F. ) ;
#440 = EDGE_CURVE ( 'NONE', #1092, #463, #773, .T. ) ;
#441 = DIRECTION ( 'NONE',  ( 0.0000000000000000000, 0.0000000000000000000, -1.000000000000000000 ) ) ;
#442 = ADVANCED_FACE ( 'NONE', ( #1539 ), #1146, .F. ) ;
#443 = FACE_OUTER_BOUND ( 'NONE', #937, .T. ) ;
#444 = LINE ( 'NONE', #306, #795 ) ;
#445 = EDGE_CURVE ( 'NONE', #544, #467, #634, .T. ) ;
#446 = ORIENTED_EDGE ( 'NONE', *, *, #901, .F. ) ;
#447 = VECTOR ( 'NONE', #1663, 1000.000000000000000 ) ;
#448 = EDGE_CURVE ( 'NONE', #410, #551, #955, .T. ) ;
#449 = AXIS2_PLACEMENT_3D ( 'NONE', #1353, #709, #1228 ) ;
#450 = DIRECTION ( 'NONE',  ( 0.0000000000000000000, 0.0000000000000000000, 1.000000000000000000 ) ) ;
#451 = UNCERTAINTY_MEASURE_WITH_UNIT (LENGTH_MEASURE( 1.000000000000000082E-05 ), #978, 'distance_accuracy_value', 'NONE');
#452 = FACE_OUTER_BOUND ( 'NONE', #164, .T. ) ;
#453 = LINE ( 'NONE', #567, #341 ) ;
#454 = CARTESIAN_POINT ( 'NONE',  ( 70.35000000000003695, 41.60999999999999943, 90.10999999999999943 ) ) ;
#455 = ORIENTED_EDGE ( 'NONE', *, *, #1600, .T. ) ;
#456 = STYLED_ITEM ( 'NONE', ( #727 ), #208 ) ;
#457 = CIRCLE ( 'NONE', #1183, 2.000000000000001776 ) ;
#458 = AXIS2_PLACEMENT_3D ( 'NONE', #581, #178, #1220 ) ;
#459 = ORIENTED_EDGE ( 'NONE', *, *, #964, .F. ) ;
#460 = DIRECTION ( 'NONE',  ( 0.0000000000000000000, 1.000000000000000000, -0.0000000000000000000 ) ) ;
#461 = CARTESIAN_POINT ( 'NONE',  ( 70.35000000000003695, 42.60999999999999943, 87.10999999999999943 ) ) ;
#462 = DIRECTION ( 'NONE',  ( 0.0000000000000000000, -0.0000000000000000000, 1.000000000000000000 ) ) ;
#463 = VERTEX_POINT ( 'NONE', #875 ) ;
#464 = CARTESIAN_POINT ( 'NONE',  ( -58.99999999999998579, 1.600000000000000089, -23.99999999999995737 ) ) ;
#465 = AXIS2_PLACEMENT_3D ( 'NONE', #76, #342, #972 ) ;
#466 = ADVANCED_FACE ( 'NONE', ( #122 ), #639, .F. ) ;
#467 = VERTEX_POINT ( 'NONE', #899 ) ;
#468 = PLANE ( 'NONE',  #403 ) ;
#469 = UNCERTAINTY_MEASURE_WITH_UNIT (LENGTH_MEASURE( 1.000000000000000082E-05 ), #1038, 'distance_accuracy_value', 'NONE');
#470 = SHAPE_DEFINITION_REPRESENTATION ( #182, #1191 ) ;
#471 = EDGE_CURVE ( 'NONE', #1572, #968, #229, .T. ) ;
#472 = LINE ( 'NONE', #54, #1499 ) ;
#473 = DIRECTION ( 'NONE',  ( 0.0000000000000000000, 1.000000000000000000, -0.0000000000000000000 ) ) ;
#474 = VERTEX_POINT ( 'NONE', #242 ) ;
#475 = FACE_OUTER_BOUND ( 'NONE', #1270, .T. ) ;
#476 = CIRCLE ( 'NONE', #1494, 3.000000000000002665 ) ;
#477 = ORIENTED_EDGE ( 'NONE', *, *, #816, .F. ) ;
#478 = DIRECTION ( 'NONE',  ( 0.0000000000000000000, 0.0000000000000000000, 1.000000000000000000 ) ) ;
#479 = LINE ( 'NONE', #213, #662 ) ;
#480 = AXIS2_PLACEMENT_3D ( 'NONE', #921, #1442, #285 ) ;
#481 = FACE_OUTER_BOUND ( 'NONE', #801, .T. ) ;
#482 = DIRECTION ( 'NONE',  ( 0.0000000000000000000, 0.0000000000000000000, 1.000000000000000000 ) ) ;
#483 = CARTESIAN_POINT ( 'NONE',  ( 80.00000000000004263, 0.0000000000000000000, 80.00000000000002842 ) ) ;
#484 = ORIENTED_EDGE ( 'NONE', *, *, #1026, .F. ) ;
#485 = LINE ( 'NONE', #737, #830 ) ;
#486 = CARTESIAN_POINT ( 'NONE',  ( -84.99999999999997158, 1.600000000000000089, 80.00000000000000000 ) ) ;
#487 = VERTEX_POINT ( 'NONE', #1648 ) ;
#488 = AXIS2_PLACEMENT_3D ( 'NONE', #678, #1428, #1578 ) ;
#489 = CARTESIAN_POINT ( 'NONE',  ( -79.99999999999995737, 1.600000000000000089, -84.99999999999997158 ) ) ;
#490 = CARTESIAN_POINT ( 'NONE',  ( -78.64999999999997726, 1.600000000000000089, 53.98000000000002530 ) ) ;
#491 = SURFACE_STYLE_FILL_AREA ( #1035 ) ;
#492 = ADVANCED_FACE ( 'NONE', ( #1531 ), #752, .F. ) ;
#493 = DIRECTION ( 'NONE',  ( 0.0000000000000000000, 1.000000000000000000, -0.0000000000000000000 ) ) ;
#494 = DIRECTION ( 'NONE',  ( -0.0000000000000000000, 0.0000000000000000000, 1.000000000000000000 ) ) ;
#495 = EDGE_CURVE ( 'NONE', #395, #1435, #1285, .T. ) ;
#496 = EDGE_CURVE ( 'NONE', #309, #204, #374, .T. ) ;
#497 = ORIENTED_EDGE ( 'NONE', *, *, #1607, .F. ) ;
#498 = CARTESIAN_POINT ( 'NONE',  ( 85.00000000000004263, 1.600000000000000089, 80.00000000000000000 ) ) ;
#499 = DIRECTION ( 'NONE',  ( 1.936885946659379952E-16, 0.0000000000000000000, 1.000000000000000000 ) ) ;
#500 = CYLINDRICAL_SURFACE ( 'NONE', #1293, 1.999999999999994893 ) ;
#501 = DIRECTION ( 'NONE',  ( -0.0000000000000000000, -1.000000000000000000, -0.0000000000000000000 ) ) ;
#502 = CIRCLE ( 'NONE', #288, 1.000000000000000888 ) ;
#503 = ORIENTED_EDGE ( 'NONE', *, *, #578, .T. ) ;
#504 = AXIS2_PLACEMENT_3D ( 'NONE', #944, #1209, #1108 ) ;
#505 = CARTESIAN_POINT ( 'NONE',  ( 31.00000000000001421, 0.0000000000000000000, -23.99999999999995737 ) ) ;
#506 = CARTESIAN_POINT ( 'NONE',  ( 0.0000000000000000000, 5.000000000000000888, 40.40000000000003411 ) ) ;
#507 = VECTOR ( 'NONE', #882, 1000.000000000000000 ) ;
#508 = DIRECTION ( 'NONE',  ( -0.0000000000000000000, -1.000000000000000000, -0.0000000000000000000 ) ) ;
#509 = LINE ( 'NONE', #1419, #961 ) ;
#510 = EDGE_LOOP ( 'NONE', ( #815, #157, #70, #1375 ) ) ;
#511 = CARTESIAN_POINT ( 'NONE',  ( 70.35000000000003695, 42.60999999999999943, 90.10999999999999943 ) ) ;
#512 = DIRECTION ( 'NONE',  ( -0.0000000000000000000, -1.000000000000000000, -0.0000000000000000000 ) ) ;
#513 = VECTOR ( 'NONE', #533, 1000.000000000000000 ) ;
#514 = DIRECTION ( 'NONE',  ( -0.0000000000000000000, -1.000000000000000000, -0.0000000000000000000 ) ) ;
#515 = AXIS2_PLACEMENT_3D ( 'NONE', #1496, #726, #1120 ) ;
#516 = CARTESIAN_POINT ( 'NONE',  ( 78.50000000000002842, 12.84999999999999964, 40.40000000000003411 ) ) ;
#517 = CARTESIAN_POINT ( 'NONE',  ( -58.99999999999998579, 1.600000000000000089, -20.99999999999995737 ) ) ;
#518 = ORIENTED_EDGE ( 'NONE', *, *, #1138, .F. ) ;
#519 = EDGE_CURVE ( 'NONE', #1608, #984, #792, .T. ) ;
#520 = CARTESIAN_POINT ( 'NONE',  ( 0.0000000000000000000, 12.84999999999999964, -44.59999999999997300 ) ) ;
#521 = CARTESIAN_POINT ( 'NONE',  ( -87.39999999999996305, 41.60999999999999233, 90.10999999999999943 ) ) ;
#522 = VERTEX_POINT ( 'NONE', #248 ) ;
#523 = FACE_OUTER_BOUND ( 'NONE', #1256, .T. ) ;
#524 = FILL_AREA_STYLE_COLOUR ( '', #616 ) ;
#525 = ORIENTED_EDGE ( 'NONE', *, *, #1513, .F. ) ;
#526 = PRESENTATION_LAYER_ASSIGNMENT (  '', '', ( #1340 ) ) ;
#527 = CARTESIAN_POINT ( 'NONE',  ( 31.00000000000001421, 1.600000000000000089, 33.00000000000003553 ) ) ;
#528 = EDGE_CURVE ( 'NONE', #785, #1231, #758, .T. ) ;
#529 = AXIS2_PLACEMENT_3D ( 'NONE', #310, #1474, #1234 ) ;
#530 = ORIENTED_EDGE ( 'NONE', *, *, #1607, .T. ) ;
#531 = ORIENTED_EDGE ( 'NONE', *, *, #1214, .F. ) ;
#532 = VERTEX_POINT ( 'NONE', #511 ) ;
#533 = DIRECTION ( 'NONE',  ( 1.734723475976807587E-16, 0.0000000000000000000, 1.000000000000000000 ) ) ;
#534 = DIRECTION ( 'NONE',  ( 1.734723475976807587E-16, 0.0000000000000000000, 1.000000000000000000 ) ) ;
#535 = VECTOR ( 'NONE', #890, 1000.000000000000000 ) ;
#536 = VERTEX_POINT ( 'NONE', #1020 ) ;
#537 = ADVANCED_FACE ( 'NONE', ( #1160 ), #860, .F. ) ;
#538 = CYLINDRICAL_SURFACE ( 'NONE', #401, 3.000000000000002665 ) ;
#539 = AXIS2_PLACEMENT_3D ( 'NONE', #1602, #317, #450 ) ;
#540 = AXIS2_PLACEMENT_3D ( 'NONE', #1314, #1469, #193 ) ;
#541 = EDGE_LOOP ( 'NONE', ( #764, #806, #39, #503 ) ) ;
#542 = ORIENTED_EDGE ( 'NONE', *, *, #959, .T. ) ;
#543 = ORIENTED_EDGE ( 'NONE', *, *, #784, .F. ) ;
#544 = VERTEX_POINT ( 'NONE', #1540 ) ;
#545 = DIRECTION ( 'NONE',  ( 0.0000000000000000000, 0.0000000000000000000, -1.000000000000000000 ) ) ;
#546 = VERTEX_POINT ( 'NONE', #1532 ) ;
#547 = ORIENTED_EDGE ( 'NONE', *, *, #549, .T. ) ;
#548 = CARTESIAN_POINT ( 'NONE',  ( 0.0000000000000000000, 0.0000000000000000000, 0.0000000000000000000 ) ) ;
#549 = EDGE_CURVE ( 'NONE', #149, #204, #1001, .T. ) ;
#550 = LINE ( 'NONE', #1302, #1416 ) ;
#551 = VERTEX_POINT ( 'NONE', #887 ) ;
#552 = ORIENTED_EDGE ( 'NONE', *, *, #1217, .T. ) ;
#553 = ORIENTED_EDGE ( 'NONE', *, *, #20, .F. ) ;
#554 = DIRECTION ( 'NONE',  ( -1.000000000000000000, 0.0000000000000000000, 0.0000000000000000000 ) ) ;
#555 = ORIENTED_EDGE ( 'NONE', *, *, #693, .F. ) ;
#556 = VERTEX_POINT ( 'NONE', #1254 ) ;
#557 = CARTESIAN_POINT ( 'NONE',  ( 80.00000000000001421, 1.600000000000000089, -79.99999999999997158 ) ) ;
#558 = PLANE ( 'NONE',  #480 ) ;
#559 = VECTOR ( 'NONE', #1272, 1000.000000000000000 ) ;
#560 = EDGE_LOOP ( 'NONE', ( #301, #1224, #419, #484 ) ) ;
#561 = ORIENTED_EDGE ( 'NONE', *, *, #1503, .T. ) ;
#562 = EDGE_CURVE ( 'NONE', #240, #898, #1229, .T. ) ;
#563 = LINE ( 'NONE', #1357, #967 ) ;
#564 = AXIS2_PLACEMENT_3D ( 'NONE', #827, #1481, #67 ) ;
#565 = EDGE_LOOP ( 'NONE', ( #553, #1483 ) ) ;
#566 = CARTESIAN_POINT ( 'NONE',  ( 78.50000000000002842, 5.000000000000000888, -1.520455468127613838E-14 ) ) ;
#567 = CARTESIAN_POINT ( 'NONE',  ( 0.0000000000000000000, 1.600000000000000089, 42.40000000000003411 ) ) ;
#568 = ORIENTED_EDGE ( 'NONE', *, *, #219, .T. ) ;
#569 = EDGE_LOOP ( 'NONE', ( #33, #56, #1145, #691 ) ) ;
#570 = COLOUR_RGB ( '',0.7921568627450980005, 0.8196078431372548767, 0.9333333333333333481 ) ;
#571 = ADVANCED_FACE ( 'NONE', ( #351 ), #991, .T. ) ;
#572 = AXIS2_PLACEMENT_3D ( 'NONE', #620, #1003, #119 ) ;
#573 = CARTESIAN_POINT ( 'NONE',  ( 78.50000000000002842, 5.000000000000000888, 40.40000000000003411 ) ) ;
#574 = DIRECTION ( 'NONE',  ( 1.000000000000000000, 0.0000000000000000000, 0.0000000000000000000 ) ) ;
#575 = DIRECTION ( 'NONE',  ( 0.0000000000000000000, 0.0000000000000000000, -1.000000000000000000 ) ) ;
#576 = EDGE_CURVE ( 'NONE', #522, #1200, #249, .T. ) ;
#577 = DIRECTION ( 'NONE',  ( 1.734723475976807587E-16, 0.0000000000000000000, 1.000000000000000000 ) ) ;
#578 = EDGE_CURVE ( 'NONE', #936, #1399, #1402, .T. ) ;
#579 = EDGE_LOOP ( 'NONE', ( #531, #211, #46, #188, #1367, #95, #1335, #664 ) ) ;
#580 = CARTESIAN_POINT ( 'NONE',  ( -84.99999999999998579, 0.0000000000000000000, -79.99999999999994316 ) ) ;
#581 = CARTESIAN_POINT ( 'NONE',  ( -58.99999999999998579, 1.600000000000000089, -23.99999999999995737 ) ) ;
#582 = LINE ( 'NONE', #962, #1207 ) ;
#583 = ORIENTED_EDGE ( 'NONE', *, *, #1368, .F. ) ;
#584 = VECTOR ( 'NONE', #499, 1000.000000000000000 ) ;
#585 = EDGE_LOOP ( 'NONE', ( #1555, #646 ) ) ;
#586 = CIRCLE ( 'NONE', #1526, 3.000000000000002665 ) ;
#587 = CARTESIAN_POINT ( 'NONE',  ( 78.50000000000002842, 5.000000000000000888, 27.05000000000003268 ) ) ;
#588 = DIRECTION ( 'NONE',  ( -0.0000000000000000000, -0.0000000000000000000, -1.000000000000000000 ) ) ;
#589 = EDGE_CURVE ( 'NONE', #463, #1451, #1649, .T. ) ;
#590 = CARTESIAN_POINT ( 'NONE',  ( 0.0000000000000000000, 12.84999999999999964, -46.59999999999995879 ) ) ;
#591 = ORIENTED_EDGE ( 'NONE', *, *, #1287, .F. ) ;
#592 = EDGE_CURVE ( 'NONE', #931, #786, #502, .T. ) ;
#593 = ORIENTED_EDGE ( 'NONE', *, *, #327, .F. ) ;
#594 = FACE_OUTER_BOUND ( 'NONE', #1139, .T. ) ;
#595 = AXIS2_PLACEMENT_3D ( 'NONE', #1251, #493, #1493 ) ;
#596 = DIRECTION ( 'NONE',  ( 0.0000000000000000000, 0.0000000000000000000, 1.000000000000000000 ) ) ;
#597 = PLANE ( 'NONE',  #5 ) ;
#598 = VERTEX_POINT ( 'NONE', #613 ) ;
#599 = DIRECTION ( 'NONE',  ( -0.0000000000000000000, 1.000000000000000000, -0.0000000000000000000 ) ) ;
#600 = VERTEX_POINT ( 'NONE', #375 ) ;
#601 = CARTESIAN_POINT ( 'NONE',  ( 81.00000000000002842, 12.84999999999999964, -1.263034620711203990E-14 ) ) ;
#602 = DIRECTION ( 'NONE',  ( -0.0000000000000000000, 0.0000000000000000000, 1.000000000000000000 ) ) ;
#603 = CARTESIAN_POINT ( 'NONE',  ( 0.0000000000000000000, 5.000000000000000888, 40.40000000000003411 ) ) ;
#604 = DIRECTION ( 'NONE',  ( 1.000000000000000000, 0.0000000000000000000, -0.0000000000000000000 ) ) ;
#605 = CARTESIAN_POINT ( 'NONE',  ( 78.50000000000002842, 12.84999999999999964, -1.520455468127613838E-14 ) ) ;
#606 = CARTESIAN_POINT ( 'NONE',  ( 31.00000000000001421, 1.600000000000000089, 30.00000000000003197 ) ) ;
#607 = ORIENTED_EDGE ( 'NONE', *, *, #708, .F. ) ;
#608 = DIRECTION ( 'NONE',  ( -0.0000000000000000000, 0.0000000000000000000, 1.000000000000000000 ) ) ;
#609 = EDGE_CURVE ( 'NONE', #4, #984, #1409, .T. ) ;
#610 = PRESENTATION_STYLE_ASSIGNMENT (( #1629 ) ) ;
#611 = CARTESIAN_POINT ( 'NONE',  ( 70.35000000000003695, -2.240000000000000657, 90.10999999999999943 ) ) ;
#612 = DIRECTION ( 'NONE',  ( 0.0000000000000000000, 0.0000000000000000000, 1.000000000000000000 ) ) ;
#613 = CARTESIAN_POINT ( 'NONE',  ( 76.00000000000002842, 12.84999999999999964, 40.40000000000003411 ) ) ;
#614 = EDGE_CURVE ( 'NONE', #253, #796, #123, .T. ) ;
#615 = DIRECTION ( 'NONE',  ( 0.0000000000000000000, 1.000000000000000000, -0.0000000000000000000 ) ) ;
#616 = COLOUR_RGB ( '',0.7921568627450980005, 0.8196078431372548767, 0.9333333333333333481 ) ;
#617 = ADVANCED_FACE ( 'NONE', ( #234 ), #1524, .T. ) ;
#618 = EDGE_CURVE ( 'NONE', #175, #1608, #1152, .T. ) ;
#619 = CIRCLE ( 'NONE', #1126, 2.000000000000001776 ) ;
#620 = CARTESIAN_POINT ( 'NONE',  ( 70.35000000000003695, 41.60999999999999943, 90.10999999999999943 ) ) ;
#621 = VECTOR ( 'NONE', #1243, 1000.000000000000000 ) ;
#622 = CIRCLE ( 'NONE', #1322, 2.000000000000001776 ) ;
#623 = PRODUCT_CONTEXT ( 'NONE', #951, 'mechanical' ) ;
#624 = EDGE_CURVE ( 'NONE', #891, #309, #745, .T. ) ;
#625 = ORIENTED_EDGE ( 'NONE', *, *, #196, .T. ) ;
#626 = VECTOR ( 'NONE', #508, 1000.000000000000000 ) ;
#627 = CARTESIAN_POINT ( 'NONE',  ( 81.00000000000002842, 1.600000000000000089, 42.40000000000003411 ) ) ;
#628 = DIRECTION ( 'NONE',  ( -0.0000000000000000000, -0.0000000000000000000, -1.000000000000000000 ) ) ;
#629 = SURFACE_STYLE_USAGE ( .BOTH. , #225 ) ;
#630 = EDGE_CURVE ( 'NONE', #1567, #1328, #476, .T. ) ;
#631 = CARTESIAN_POINT ( 'NONE',  ( 73.50000000000004263, 1.600000000000000089, -46.59999999999995879 ) ) ;
#632 = DIRECTION ( 'NONE',  ( 0.0000000000000000000, 0.0000000000000000000, 1.000000000000000000 ) ) ;
#633 = ORIENTED_EDGE ( 'NONE', *, *, #693, .T. ) ;
#634 = LINE ( 'NONE', #647, #1603 ) ;
#635 = FACE_OUTER_BOUND ( 'NONE', #1027, .T. ) ;
#636 = CARTESIAN_POINT ( 'NONE',  ( 76.00000000000002842, 5.000000000000000888, 28.75000000000003197 ) ) ;
#637 = PLANE ( 'NONE',  #934 ) ;
#638 = EDGE_LOOP ( 'NONE', ( #392, #275 ) ) ;
#639 = PLANE ( 'NONE',  #1525 ) ;
#640 = CARTESIAN_POINT ( 'NONE',  ( 71.35000000000003695, -1.239999999999993330, 90.10999999999999943 ) ) ;
#641 = AXIS2_PLACEMENT_3D ( 'NONE', #1210, #293, #282 ) ;
#642 = CARTESIAN_POINT ( 'NONE',  ( -87.39999999999996305, -1.239999999999993330, 87.10999999999999943 ) ) ;
#643 = EDGE_CURVE ( 'NONE', #1067, #463, #1414, .T. ) ;
#644 = CYLINDRICAL_SURFACE ( 'NONE', #376, 1.000000000000000888 ) ;
#645 = CARTESIAN_POINT ( 'NONE',  ( 78.50000000000002842, 5.000000000000000888, 28.75000000000003197 ) ) ;
#646 = ORIENTED_EDGE ( 'NONE', *, *, #1032, .T. ) ;
#647 = CARTESIAN_POINT ( 'NONE',  ( 76.00000000000004263, 5.000000000000000888, 27.05000000000003268 ) ) ;
#648 = VECTOR ( 'NONE', #1598, 1000.000000000000000 ) ;
#649 = ORIENTED_EDGE ( 'NONE', *, *, #1066, .T. ) ;
#650 = CARTESIAN_POINT ( 'NONE',  ( -58.99999999999998579, 1.600000000000000089, 27.00000000000003197 ) ) ;
#651 = ORIENTED_EDGE ( 'NONE', *, *, #1308, .F. ) ;
#652 = LINE ( 'NONE', #1320, #1377 ) ;
#653 = ADVANCED_FACE ( 'NONE', ( #256 ), #110, .T. ) ;
#654 = FACE_OUTER_BOUND ( 'NONE', #510, .T. ) ;
#655 = ORIENTED_EDGE ( 'NONE', *, *, #97, .T. ) ;
#656 = ORIENTED_EDGE ( 'NONE', *, *, #147, .F. ) ;
#657 = CARTESIAN_POINT ( 'NONE',  ( -87.39999999999996305, 41.60999999999999233, 90.10999999999999943 ) ) ;
#658 = CARTESIAN_POINT ( 'NONE',  ( -78.64999999999999147, 0.0000000000000000000, -80.09999999999998010 ) ) ;
#659 = ORIENTED_EDGE ( 'NONE', *, *, #793, .T. ) ;
#660 = VECTOR ( 'NONE', #383, 1000.000000000000000 ) ;
#661 = DIRECTION ( 'NONE',  ( -0.0000000000000000000, -1.000000000000000000, -0.0000000000000000000 ) ) ;
#662 = VECTOR ( 'NONE', #107, 1000.000000000000000 ) ;
#663 = ORIENTED_EDGE ( 'NONE', *, *, #1214, .T. ) ;
#664 = ORIENTED_EDGE ( 'NONE', *, *, #390, .F. ) ;
#665 = ORIENTED_EDGE ( 'NONE', *, *, #880, .T. ) ;
#666 = ADVANCED_FACE ( 'NONE', ( #635 ), #1147, .F. ) ;
#667 = DIRECTION ( 'NONE',  ( -1.000000000000000000, 0.0000000000000000000, 1.559302000878028960E-16 ) ) ;
#668 = DIRECTION ( 'NONE',  ( 1.000000000000000000, 0.0000000000000000000, 0.0000000000000000000 ) ) ;
#669 = VECTOR ( 'NONE', #1498, 1000.000000000000000 ) ;
#670 = ORIENTED_EDGE ( 'NONE', *, *, #1241, .F. ) ;
#671 = DIRECTION ( 'NONE',  ( -1.000000000000000000, 0.0000000000000000000, 0.0000000000000000000 ) ) ;
#672 = CARTESIAN_POINT ( 'NONE',  ( -79.99999999999998579, 0.0000000000000000000, -79.99999999999997158 ) ) ;
#673 = AXIS2_PLACEMENT_3D ( 'NONE', #89, #608, #1257 ) ;
#674 = VECTOR ( 'NONE', #494, 1000.000000000000000 ) ;
#675 = VERTEX_POINT ( 'NONE', #1463 ) ;
#676 = EDGE_LOOP ( 'NONE', ( #923, #1206, #798, #542 ) ) ;
#677 = ORIENTED_EDGE ( 'NONE', *, *, #977, .T. ) ;
#678 = CARTESIAN_POINT ( 'NONE',  ( 78.83000000000004093, 1.600000000000000089, 74.84000000000003183 ) ) ;
#679 = CARTESIAN_POINT ( 'NONE',  ( -78.64999999999999147, 1.600000000000000089, -80.09999999999998010 ) ) ;
#680 = EDGE_LOOP ( 'NONE', ( #446, #713 ) ) ;
#681 = DIRECTION ( 'NONE',  ( 1.936885946659379952E-16, 0.0000000000000000000, 1.000000000000000000 ) ) ;
#682 = DIRECTION ( 'NONE',  ( -0.0000000000000000000, 0.0000000000000000000, 1.000000000000000000 ) ) ;
#683 = EDGE_LOOP ( 'NONE', ( #1042, #271, #1566, #1636, #343, #1548, #277, #790 ) ) ;
#684 = ORIENTED_EDGE ( 'NONE', *, *, #1037, .F. ) ;
#685 = EDGE_CURVE ( 'NONE', #1169, #1092, #900, .T. ) ;
#686 = DIRECTION ( 'NONE',  ( -0.0000000000000000000, -1.000000000000000000, -0.0000000000000000000 ) ) ;
#687 = DIRECTION ( 'NONE',  ( 0.0000000000000000000, 0.0000000000000000000, -1.000000000000000000 ) ) ;
#688 = DIRECTION ( 'NONE',  ( -0.0000000000000000000, -0.0000000000000000000, -1.000000000000000000 ) ) ;
#689 = LINE ( 'NONE', #1342, #828 ) ;
#690 = VECTOR ( 'NONE', #1014, 1000.000000000000000 ) ;
#691 = ORIENTED_EDGE ( 'NONE', *, *, #1208, .T. ) ;
#692 = ORIENTED_EDGE ( 'NONE', *, *, #393, .F. ) ;
#693 = EDGE_CURVE ( 'NONE', #200, #1071, #550, .T. ) ;
#694 = DIRECTION ( 'NONE',  ( 1.000000000000000000, 0.0000000000000000000, -0.0000000000000000000 ) ) ;
#695 = VECTOR ( 'NONE', #588, 1000.000000000000000 ) ;
#696 = LINE ( 'NONE', #1468, #1584 ) ;
#697 = DIRECTION ( 'NONE',  ( -0.0000000000000000000, -1.000000000000000000, -0.0000000000000000000 ) ) ;
#698 = CARTESIAN_POINT ( 'NONE',  ( 0.0000000000000000000, 1.600000000000000089, 85.00000000000002842 ) ) ;
#699 = VERTEX_POINT ( 'NONE', #527 ) ;
#700 = VECTOR ( 'NONE', #1157, 1000.000000000000000 ) ;
#701 = CARTESIAN_POINT ( 'NONE',  ( -78.64999999999997726, 1.600000000000000089, 51.98000000000003240 ) ) ;
#702 = PLANE ( 'NONE',  #1591 ) ;
#703 = CARTESIAN_POINT ( 'NONE',  ( 71.35000000000003695, -1.239999999999993330, 90.10999999999999943 ) ) ;
#704 = ORIENTED_EDGE ( 'NONE', *, *, #1513, .T. ) ;
#705 = ORIENTED_EDGE ( 'NONE', *, *, #1628, .F. ) ;
#706 = DIRECTION ( 'NONE',  ( 0.0000000000000000000, 1.000000000000000000, -0.0000000000000000000 ) ) ;
#707 = MANIFOLD_SOLID_BREP ( 'Boss-Extrude3', #360 ) ;
#708 = EDGE_CURVE ( 'NONE', #414, #785, #1432, .T. ) ;
#709 = DIRECTION ( 'NONE',  ( 0.0000000000000000000, 1.000000000000000000, -0.0000000000000000000 ) ) ;
#710 = LINE ( 'NONE', #1366, #1538 ) ;
#711 = ORIENTED_EDGE ( 'NONE', *, *, #1192, .T. ) ;
#712 = AXIS2_PLACEMENT_3D ( 'NONE', #1132, #93, #1633 ) ;
#713 = ORIENTED_EDGE ( 'NONE', *, *, #630, .F. ) ;
#714 = LINE ( 'NONE', #587, #1612 ) ;
#715 = DIRECTION ( 'NONE',  ( 0.0000000000000000000, 0.0000000000000000000, -1.000000000000000000 ) ) ;
#716 = FACE_OUTER_BOUND ( 'NONE', #77, .T. ) ;
#717 = AXIS2_PLACEMENT_3D ( 'NONE', #1449, #303, #818 ) ;
#718 = FACE_BOUND ( 'NONE', #226, .T. ) ;
#719 = ORIENTED_EDGE ( 'NONE', *, *, #1217, .F. ) ;
#720 = CARTESIAN_POINT ( 'NONE',  ( 76.00000000000002842, 5.000000000000000888, 0.0000000000000000000 ) ) ;
#721 = ORIENTED_EDGE ( 'NONE', *, *, #760, .F. ) ;
#722 = PLANE ( 'NONE',  #673 ) ;
#723 = CIRCLE ( 'NONE', #996, 1.000000000000000888 ) ;
#724 = FILL_AREA_STYLE ('',( #98 ) ) ;
#725 = DIRECTION ( 'NONE',  ( -0.0000000000000000000, -1.000000000000000000, -0.0000000000000000000 ) ) ;
#726 = DIRECTION ( 'NONE',  ( 0.0000000000000000000, 1.000000000000000000, 0.0000000000000000000 ) ) ;
#727 = PRESENTATION_STYLE_ASSIGNMENT (( #629 ) ) ;
#728 = ADVANCED_FACE ( 'NONE', ( #276 ), #1029, .F. ) ;
#729 = ORIENTED_EDGE ( 'NONE', *, *, #1287, .T. ) ;
#730 = DIRECTION ( 'NONE',  ( -1.559302000878028960E-16, 0.0000000000000000000, -1.000000000000000000 ) ) ;
#731 = EDGE_CURVE ( 'NONE', #205, #410, #804, .T. ) ;
#732 = CARTESIAN_POINT ( 'NONE',  ( 78.83000000000004093, 1.600000000000000089, 74.84000000000003183 ) ) ;
#733 = ADVANCED_FACE ( 'NONE', ( #1175 ), #538, .F. ) ;
#734 = CARTESIAN_POINT ( 'NONE',  ( 0.0000000000000000000, 12.84999999999999964, 0.0000000000000000000 ) ) ;
#735 = CARTESIAN_POINT ( 'NONE',  ( 78.50000000000002842, 5.000000000000000888, -1.520455468127613838E-14 ) ) ;
#736 = EDGE_LOOP ( 'NONE', ( #607, #63, #1307, #13, #1012, #387, #543, #782 ) ) ;
#737 = CARTESIAN_POINT ( 'NONE',  ( 81.00000000000002842, 1.600000000000000089, -1.263034620711203990E-14 ) ) ;
#738 = EDGE_CURVE ( 'NONE', #414, #905, #1546, .T. ) ;
#739 = CIRCLE ( 'NONE', #449, 3.000000000000002665 ) ;
#740 = DIRECTION ( 'NONE',  ( -0.0000000000000000000, -1.000000000000000000, -0.0000000000000000000 ) ) ;
#741 = DIRECTION ( 'NONE',  ( 0.0000000000000000000, 0.0000000000000000000, 1.000000000000000000 ) ) ;
#742 = EDGE_CURVE ( 'NONE', #204, #909, #987, .T. ) ;
#743 = ORIENTED_EDGE ( 'NONE', *, *, #1208, .F. ) ;
#744 = FACE_BOUND ( 'NONE', #1434, .T. ) ;
#745 = LINE ( 'NONE', #640, #690 ) ;
#746 = LINE ( 'NONE', #1133, #1099 ) ;
#747 =( GEOMETRIC_REPRESENTATION_CONTEXT ( 3 ) GLOBAL_UNCERTAINTY_ASSIGNED_CONTEXT ( ( #51 ) ) GLOBAL_UNIT_ASSIGNED_CONTEXT ( ( #1002, #1650, #974 ) ) REPRESENTATION_CONTEXT ( 'NONE', 'WORKASPACE' ) );
#748 = FACE_OUTER_BOUND ( 'NONE', #263, .T. ) ;
#749 = AXIS2_PLACEMENT_3D ( 'NONE', #701, #183, #192 ) ;
#750 = CARTESIAN_POINT ( 'NONE',  ( -86.39999999999996305, -1.240000000000000435, 87.10999999999999943 ) ) ;
#751 = ORIENTED_EDGE ( 'NONE', *, *, #685, .F. ) ;
#752 = CYLINDRICAL_SURFACE ( 'NONE', #1309, 2.000000000000001776 ) ;
#753 = DIRECTION ( 'NONE',  ( 0.0000000000000000000, 0.0000000000000000000, -1.000000000000000000 ) ) ;
#754 = DIRECTION ( 'NONE',  ( 1.000000000000000000, 0.0000000000000000000, 0.0000000000000000000 ) ) ;
#755 = PLANE ( 'NONE',  #25 ) ;
#756 = ADVANCED_FACE ( 'NONE', ( #411 ), #558, .F. ) ;
#757 = ORIENTED_EDGE ( 'NONE', *, *, #880, .F. ) ;
#758 = LINE ( 'NONE', #1276, #447 ) ;
#759 = CARTESIAN_POINT ( 'NONE',  ( -78.64999999999997726, 1.600000000000000089, 49.98000000000003951 ) ) ;
#760 = EDGE_CURVE ( 'NONE', #167, #1079, #170, .T. ) ;
#761 = CARTESIAN_POINT ( 'NONE',  ( -78.64999999999997726, 1.600000000000000089, 51.98000000000003240 ) ) ;
#762 = CARTESIAN_POINT ( 'NONE',  ( 78.83000000000004093, 0.0000000000000000000, 72.84000000000003183 ) ) ;
#763 = LINE ( 'NONE', #371, #535 ) ;
#764 = ORIENTED_EDGE ( 'NONE', *, *, #12, .T. ) ;
#765 = DIRECTION ( 'NONE',  ( 0.0000000000000000000, 0.0000000000000000000, 1.000000000000000000 ) ) ;
#766 = DIRECTION ( 'NONE',  ( -0.0000000000000000000, -1.000000000000000000, -0.0000000000000000000 ) ) ;
#767 = VECTOR ( 'NONE', #1077, 1000.000000000000000 ) ;
#768 = DIRECTION ( 'NONE',  ( 0.0000000000000000000, 1.000000000000000000, -0.0000000000000000000 ) ) ;
#769 = VERTEX_POINT ( 'NONE', #1069 ) ;
#770 = DIRECTION ( 'NONE',  ( -0.0000000000000000000, -1.000000000000000000, -0.0000000000000000000 ) ) ;
#771 = DIRECTION ( 'NONE',  ( -1.000000000000000000, 0.0000000000000000000, -0.0000000000000000000 ) ) ;
#772 = EDGE_LOOP ( 'NONE', ( #412, #1580, #914, #9 ) ) ;
#773 = LINE ( 'NONE', #520, #1330 ) ;
#774 = CARTESIAN_POINT ( 'NONE',  ( 76.00000000000004263, 5.000000000000000888, -44.59999999999997300 ) ) ;
#775 = DIRECTION ( 'NONE',  ( -0.0000000000000000000, 1.000000000000000000, -0.0000000000000000000 ) ) ;
#776 = ORIENTED_EDGE ( 'NONE', *, *, #731, .T. ) ;
#777 = DIRECTION ( 'NONE',  ( -0.0000000000000000000, -1.000000000000000000, -0.0000000000000000000 ) ) ;
#778 = LINE ( 'NONE', #517, #507 ) ;
#779 = ORIENTED_EDGE ( 'NONE', *, *, #1441, .F. ) ;
#780 = EDGE_CURVE ( 'NONE', #905, #1095, #1072, .T. ) ;
#781 = SURFACE_STYLE_USAGE ( .BOTH. , #1059 ) ;
#782 = ORIENTED_EDGE ( 'NONE', *, *, #1635, .T. ) ;
#783 = ADVANCED_FACE ( 'NONE', ( #1286 ), #130, .F. ) ;
#784 = EDGE_CURVE ( 'NONE', #253, #395, #689, .T. ) ;
#785 = VERTEX_POINT ( 'NONE', #971 ) ;
#786 = VERTEX_POINT ( 'NONE', #1090 ) ;
#787 = EDGE_LOOP ( 'NONE', ( #1618, #184 ) ) ;
#788 = PLANE ( 'NONE',  #270 ) ;
#789 = DIRECTION ( 'NONE',  ( 0.0000000000000000000, 0.0000000000000000000, 1.000000000000000000 ) ) ;
#790 = ORIENTED_EDGE ( 'NONE', *, *, #1087, .T. ) ;
#791 = CARTESIAN_POINT ( 'NONE',  ( 81.00000000000001421, 1.600000000000000089, -46.59999999999995879 ) ) ;
#792 = CIRCLE ( 'NONE', #363, 1.999999999999994893 ) ;
#793 = EDGE_CURVE ( 'NONE', #909, #556, #179, .T. ) ;
#794 = DIRECTION ( 'NONE',  ( -0.0000000000000000000, -1.000000000000000000, -0.0000000000000000000 ) ) ;
#795 = VECTOR ( 'NONE', #1111, 1000.000000000000000 ) ;
#796 = VERTEX_POINT ( 'NONE', #954 ) ;
#797 = EDGE_LOOP ( 'NONE', ( #279, #477, #839, #547 ) ) ;
#798 = ORIENTED_EDGE ( 'NONE', *, *, #1386, .F. ) ;
#799 = AXIS2_PLACEMENT_3D ( 'NONE', #1274, #239, #114 ) ;
#800 = FACE_OUTER_BOUND ( 'NONE', #1316, .T. ) ;
#801 = EDGE_LOOP ( 'NONE', ( #1019, #941, #1569, #1575 ) ) ;
#802 = ORIENTED_EDGE ( 'NONE', *, *, #257, .F. ) ;
#803 = DIRECTION ( 'NONE',  ( -0.0000000000000000000, -1.000000000000000000, -0.0000000000000000000 ) ) ;
#804 = LINE ( 'NONE', #24, #316 ) ;
#805 = EDGE_LOOP ( 'NONE', ( #863, #128, #294, #1275 ) ) ;
#806 = ORIENTED_EDGE ( 'NONE', *, *, #624, .F. ) ;
#807 = AXIS2_PLACEMENT_3D ( 'NONE', #125, #770, #545 ) ;
#808 = ORIENTED_EDGE ( 'NONE', *, *, #862, .T. ) ;
#809 = LINE ( 'NONE', #1331, #1351 ) ;
#810 = DIRECTION ( 'NONE',  ( -1.000000000000000000, 0.0000000000000000000, 0.0000000000000000000 ) ) ;
#811 = AXIS2_PLACEMENT_3D ( 'NONE', #870, #235, #1643 ) ;
#812 = FACE_BOUND ( 'NONE', #1063, .T. ) ;
#813 = DIRECTION ( 'NONE',  ( -0.0000000000000000000, -1.000000000000000000, -0.0000000000000000000 ) ) ;
#814 = ORIENTED_EDGE ( 'NONE', *, *, #1337, .T. ) ;
#815 = ORIENTED_EDGE ( 'NONE', *, *, #1241, .T. ) ;
#816 = EDGE_CURVE ( 'NONE', #532, #909, #582, .T. ) ;
#817 = PLANE ( 'NONE',  #365 ) ;
#818 = DIRECTION ( 'NONE',  ( 0.0000000000000000000, 0.0000000000000000000, 1.000000000000000000 ) ) ;
#819 = DIRECTION ( 'NONE',  ( 1.000000000000000000, -0.0000000000000000000, 0.0000000000000000000 ) ) ;
#820 = LINE ( 'NONE', #1606, #695 ) ;
#821 = VECTOR ( 'NONE', #930, 1000.000000000000000 ) ;
#822 = EDGE_LOOP ( 'NONE', ( #173, #1568, #1185, #1053 ) ) ;
#823 = EDGE_CURVE ( 'NONE', #675, #1095, #472, .T. ) ;
#824 = DIRECTION ( 'NONE',  ( 1.000000000000000000, 0.0000000000000000000, 0.0000000000000000000 ) ) ;
#825 = FACE_BOUND ( 'NONE', #787, .T. ) ;
#826 = AXIS2_PLACEMENT_3D ( 'NONE', #845, #615, #992 ) ;
#827 = CARTESIAN_POINT ( 'NONE',  ( -78.64999999999997726, 1.600000000000000089, 51.98000000000003240 ) ) ;
#828 = VECTOR ( 'NONE', #577, 1000.000000000000000 ) ;
#829 = ORIENTED_EDGE ( 'NONE', *, *, #1350, .T. ) ;
#830 = VECTOR ( 'NONE', #730, 1000.000000000000000 ) ;
#831 = EDGE_CURVE ( 'NONE', #467, #1451, #1470, .T. ) ;
#832 = CIRCLE ( 'NONE', #112, 1.999999999999994893 ) ;
#833 = DIRECTION ( 'NONE',  ( 0.0000000000000000000, 0.0000000000000000000, 1.000000000000000000 ) ) ;
#834 = CARTESIAN_POINT ( 'NONE',  ( 80.00000000000004263, 1.600000000000000089, 80.00000000000002842 ) ) ;
#835 = DIRECTION ( 'NONE',  ( 0.0000000000000000000, 0.0000000000000000000, -1.000000000000000000 ) ) ;
#836 = FACE_BOUND ( 'NONE', #932, .T. ) ;
#837 = ORIENTED_EDGE ( 'NONE', *, *, #865, .T. ) ;
#838 = EDGE_CURVE ( 'NONE', #1095, #1647, #187, .T. ) ;
#839 = ORIENTED_EDGE ( 'NONE', *, *, #415, .F. ) ;
#840 = CARTESIAN_POINT ( 'NONE',  ( -58.99999999999998579, 1.600000000000000089, -23.99999999999995737 ) ) ;
#841 = SURFACE_SIDE_STYLE ('',( #1098 ) ) ;
#842 = DIRECTION ( 'NONE',  ( -1.000000000000000000, -0.0000000000000000000, 0.0000000000000000000 ) ) ;
#843 = CARTESIAN_POINT ( 'NONE',  ( 81.00000000000002842, 12.84999999999999964, 42.40000000000003411 ) ) ;
#844 = ORIENTED_EDGE ( 'NONE', *, *, #1512, .F. ) ;
#845 = CARTESIAN_POINT ( 'NONE',  ( 78.83000000000004093, 0.0000000000000000000, 74.84000000000003183 ) ) ;
#846 = EDGE_LOOP ( 'NONE', ( #1047, #439, #1354, #1290 ) ) ;
#847 = DIRECTION ( 'NONE',  ( 0.0000000000000000000, 1.000000000000000000, -0.0000000000000000000 ) ) ;
#848 = FACE_OUTER_BOUND ( 'NONE', #427, .T. ) ;
#849 = CIRCLE ( 'NONE', #1660, 1.000000000000000888 ) ;
#850 = EDGE_CURVE ( 'NONE', #1433, #1344, #619, .T. ) ;
#851 = FACE_OUTER_BOUND ( 'NONE', #1485, .T. ) ;
#852 = ORIENTED_EDGE ( 'NONE', *, *, #949, .F. ) ;
#853 = LINE ( 'NONE', #982, #669 ) ;
#854 = ORIENTED_EDGE ( 'NONE', *, *, #273, .T. ) ;
#855 = DIRECTION ( 'NONE',  ( -0.0000000000000000000, -1.000000000000000000, -0.0000000000000000000 ) ) ;
#856 = VECTOR ( 'NONE', #1281, 1000.000000000000000 ) ;
#857 = DIRECTION ( 'NONE',  ( 1.000000000000000000, 0.0000000000000000000, 0.0000000000000000000 ) ) ;
#858 = PLANE ( 'NONE',  #957 ) ;
#859 = CARTESIAN_POINT ( 'NONE',  ( -86.39999999999996305, -2.240000000000000213, 87.10999999999999943 ) ) ;
#860 = PLANE ( 'NONE',  #712 ) ;
#861 = LINE ( 'NONE', #1383, #1194 ) ;
#862 = EDGE_CURVE ( 'NONE', #1113, #556, #820, .T. ) ;
#863 = ORIENTED_EDGE ( 'NONE', *, *, #589, .T. ) ;
#864 = FACE_OUTER_BOUND ( 'NONE', #797, .T. ) ;
#865 = EDGE_CURVE ( 'NONE', #38, #121, #1213, .T. ) ;
#866 = DIRECTION ( 'NONE',  ( 0.0000000000000000000, 0.0000000000000000000, -1.000000000000000000 ) ) ;
#867 = VERTEX_POINT ( 'NONE', #1100 ) ;
#868 = FACE_BOUND ( 'NONE', #37, .T. ) ;
#869 = DIRECTION ( 'NONE',  ( 1.000000000000000000, 0.0000000000000000000, 0.0000000000000000000 ) ) ;
#870 = CARTESIAN_POINT ( 'NONE',  ( 31.00000000000001421, 1.600000000000000089, -23.99999999999995737 ) ) ;
#871 = CARTESIAN_POINT ( 'NONE',  ( 78.50000000000002842, 5.000000000000000888, 40.40000000000003411 ) ) ;
#872 = VECTOR ( 'NONE', #886, 1000.000000000000000 ) ;
#873 = AXIS2_PLACEMENT_3D ( 'NONE', #1502, #1246, #1387 ) ;
#874 = ORIENTED_EDGE ( 'NONE', *, *, #838, .T. ) ;
#875 = CARTESIAN_POINT ( 'NONE',  ( 78.50000000000001421, 12.84999999999999964, -44.59999999999997300 ) ) ;
#876 = DIRECTION ( 'NONE',  ( -0.0000000000000000000, -0.0000000000000000000, -1.000000000000000000 ) ) ;
#877 = VECTOR ( 'NONE', #534, 1000.000000000000000 ) ;
#878 = PRESENTATION_LAYER_ASSIGNMENT (  '', '', ( #456 ) ) ;
#879 = FACE_OUTER_BOUND ( 'NONE', #1388, .T. ) ;
#880 = EDGE_CURVE ( 'NONE', #364, #121, #453, .T. ) ;
#881 = CIRCLE ( 'NONE', #1103, 2.000000000000001776 ) ;
#882 = DIRECTION ( 'NONE',  ( -0.0000000000000000000, -1.000000000000000000, -0.0000000000000000000 ) ) ;
#883 = VECTOR ( 'NONE', #775, 1000.000000000000000 ) ;
#884 = ORIENTED_EDGE ( 'NONE', *, *, #1415, .T. ) ;
#885 = ADVANCED_FACE ( 'NONE', ( #328 ), #195, .F. ) ;
#886 = DIRECTION ( 'NONE',  ( 0.0000000000000000000, 1.000000000000000000, 0.0000000000000000000 ) ) ;
#887 = CARTESIAN_POINT ( 'NONE',  ( 31.00000000000001421, 0.0000000000000000000, 33.00000000000003553 ) ) ;
#888 = AXIS2_PLACEMENT_3D ( 'NONE', #1505, #350, #358 ) ;
#889 = DIRECTION ( 'NONE',  ( 0.0000000000000000000, 0.0000000000000000000, 1.000000000000000000 ) ) ;
#890 = DIRECTION ( 'NONE',  ( -0.0000000000000000000, 0.0000000000000000000, 1.000000000000000000 ) ) ;
#891 = VERTEX_POINT ( 'NONE', #703 ) ;
#892 = DIRECTION ( 'NONE',  ( 0.0000000000000000000, 0.0000000000000000000, -1.000000000000000000 ) ) ;
#893 = DIRECTION ( 'NONE',  ( 0.0000000000000000000, 0.0000000000000000000, 1.000000000000000000 ) ) ;
#894 = CARTESIAN_POINT ( 'NONE',  ( 31.00000000000001421, 1.600000000000000089, -26.99999999999996092 ) ) ;
#895 = VECTOR ( 'NONE', #7, 1000.000000000000000 ) ;
#896 = DIRECTION ( 'NONE',  ( 0.0000000000000000000, -0.0000000000000000000, -1.000000000000000000 ) ) ;
#897 = CARTESIAN_POINT ( 'NONE',  ( 73.50000000000004263, 12.84999999999999964, 0.0000000000000000000 ) ) ;
#898 = VERTEX_POINT ( 'NONE', #1365 ) ;
#899 = CARTESIAN_POINT ( 'NONE',  ( 76.00000000000004263, 12.84999999999999964, 27.05000000000003268 ) ) ;
#900 = LINE ( 'NONE', #774, #895 ) ;
#901 = EDGE_CURVE ( 'NONE', #1328, #1567, #1283, .T. ) ;
#902 = AXIS2_PLACEMENT_3D ( 'NONE', #1359, #842, #202 ) ;
#903 = EDGE_LOOP ( 'NONE', ( #663, #1492, #418, #431 ) ) ;
#904 = DIRECTION ( 'NONE',  ( 0.0000000000000000000, 0.0000000000000000000, 1.000000000000000000 ) ) ;
#905 = VERTEX_POINT ( 'NONE', #979 ) ;
#906 = ADVANCED_FACE ( 'NONE', ( #716 ), #948, .T. ) ;
#907 = CARTESIAN_POINT ( 'NONE',  ( 70.35000000000003695, -1.240000000000000435, 90.10999999999999943 ) ) ;
#908 = DIRECTION ( 'NONE',  ( 1.000000000000000000, 0.0000000000000000000, -1.734723475976807834E-16 ) ) ;
#909 = VERTEX_POINT ( 'NONE', #461 ) ;
#910 = EDGE_CURVE ( 'NONE', #1378, #522, #444, .T. ) ;
#911 = EDGE_CURVE ( 'NONE', #699, #205, #739, .T. ) ;
#912 = AXIS2_PLACEMENT_3D ( 'NONE', #935, #408, #2 ) ;
#913 = ORIENTED_EDGE ( 'NONE', *, *, #578, .F. ) ;
#914 = ORIENTED_EDGE ( 'NONE', *, *, #448, .F. ) ;
#915 = EDGE_CURVE ( 'NONE', #1378, #1583, #207, .T. ) ;
#916 = ORIENTED_EDGE ( 'NONE', *, *, #471, .F. ) ;
#917 = FACE_OUTER_BOUND ( 'NONE', #1070, .T. ) ;
#918 = ADVANCED_FACE ( 'NONE', ( #1334 ), #858, .F. ) ;
#919 = CARTESIAN_POINT ( 'NONE',  ( -79.99999999999992895, 1.600000000000000089, 85.00000000000002842 ) ) ;
#920 = VERTEX_POINT ( 'NONE', #1380 ) ;
#921 = CARTESIAN_POINT ( 'NONE',  ( -84.99999999999997158, 1.600000000000000089, 1.474514954580286030E-14 ) ) ;
#922 = ORIENTED_EDGE ( 'NONE', *, *, #1221, .F. ) ;
#923 = ORIENTED_EDGE ( 'NONE', *, *, #1308, .T. ) ;
#924 = ORIENTED_EDGE ( 'NONE', *, *, #257, .T. ) ;
#925 = CARTESIAN_POINT ( 'NONE',  ( 70.35000000000003695, -2.240000000000000657, 87.10999999999999943 ) ) ;
#926 = DIRECTION ( 'NONE',  ( -0.0000000000000000000, -1.000000000000000000, -0.0000000000000000000 ) ) ;
#927 = ORIENTED_EDGE ( 'NONE', *, *, #219, .F. ) ;
#928 = FACE_BOUND ( 'NONE', #1361, .T. ) ;
#929 = AXIS2_PLACEMENT_3D ( 'NONE', #735, #1655, #103 ) ;
#930 = DIRECTION ( 'NONE',  ( 1.000000000000000000, -0.0000000000000000000, 0.0000000000000000000 ) ) ;
#931 = VERTEX_POINT ( 'NONE', #1373 ) ;
#932 = EDGE_LOOP ( 'NONE', ( #1464, #670, #922, #665 ) ) ;
#933 = ORIENTED_EDGE ( 'NONE', *, *, #1389, .T. ) ;
#934 = AXIS2_PLACEMENT_3D ( 'NONE', #897, #771, #1652 ) ;
#935 = CARTESIAN_POINT ( 'NONE',  ( -78.64999999999999147, 0.0000000000000000000, -80.09999999999998010 ) ) ;
#936 = VERTEX_POINT ( 'NONE', #611 ) ;
#937 = EDGE_LOOP ( 'NONE', ( #844, #1457, #1107, #1061 ) ) ;
#938 = CYLINDRICAL_SURFACE ( 'NONE', #1352, 1.000000000000000888 ) ;
#939 = DIRECTION ( 'NONE',  ( 0.0000000000000000000, 0.0000000000000000000, 1.000000000000000000 ) ) ;
#940 = EDGE_CURVE ( 'NONE', #331, #364, #1258, .T. ) ;
#941 = ORIENTED_EDGE ( 'NONE', *, *, #528, .F. ) ;
#942 = ORIENTED_EDGE ( 'NONE', *, *, #1221, .T. ) ;
#943 = AXIS2_PLACEMENT_3D ( 'NONE', #272, #667, #1559 ) ;
#944 = CARTESIAN_POINT ( 'NONE',  ( -58.99999999999998579, 0.0000000000000000000, -23.99999999999995737 ) ) ;
#945 = FACE_OUTER_BOUND ( 'NONE', #1193, .T. ) ;
#946 = AXIS2_PLACEMENT_3D ( 'NONE', #1360, #1253, #604 ) ;
#947 = DIRECTION ( 'NONE',  ( 0.0000000000000000000, 0.0000000000000000000, 1.000000000000000000 ) ) ;
#948 = PLANE ( 'NONE',  #902 ) ;
#949 = EDGE_CURVE ( 'NONE', #931, #1585, #479, .T. ) ;
#950 = ORIENTED_EDGE ( 'NONE', *, *, #959, .F. ) ;
#951 = APPLICATION_CONTEXT ( 'automotive_design' ) ;
#952 = CARTESIAN_POINT ( 'NONE',  ( -86.39999999999996305, 42.60999999999999943, 90.10999999999999943 ) ) ;
#953 = FACE_BOUND ( 'NONE', #1242, .T. ) ;
#954 = CARTESIAN_POINT ( 'NONE',  ( 85.00000000000001421, 0.0000000000000000000, -79.99999999999994316 ) ) ;
#955 = CIRCLE ( 'NONE', #1091, 3.000000000000002665 ) ;
#956 = VERTEX_POINT ( 'NONE', #356 ) ;
#957 = AXIS2_PLACEMENT_3D ( 'NONE', #91, #222, #1631 ) ;
#958 = CARTESIAN_POINT ( 'NONE',  ( -58.99999999999998579, 0.0000000000000000000, -26.99999999999996092 ) ) ;
#959 = EDGE_CURVE ( 'NONE', #1497, #1647, #988, .T. ) ;
#960 = CARTESIAN_POINT ( 'NONE',  ( 0.0000000000000000000, 1.600000000000000089, 85.00000000000002842 ) ) ;
#961 = VECTOR ( 'NONE', #1172, 1000.000000000000000 ) ;
#962 = CARTESIAN_POINT ( 'NONE',  ( 70.35000000000003695, 42.60999999999999943, 90.10999999999999943 ) ) ;
#963 = EDGE_CURVE ( 'NONE', #487, #769, #1173, .T. ) ;
#964 = EDGE_CURVE ( 'NONE', #1384, #1071, #348, .T. ) ;
#965 = FACE_BOUND ( 'NONE', #1445, .T. ) ;
#966 = ORIENTED_EDGE ( 'NONE', *, *, #218, .F. ) ;
#967 = VECTOR ( 'NONE', #686, 1000.000000000000000 ) ;
#968 = VERTEX_POINT ( 'NONE', #1495 ) ;
#969 = LINE ( 'NONE', #48, #1265 ) ;
#970 = CIRCLE ( 'NONE', #1466, 1.000000000000000888 ) ;
#971 = CARTESIAN_POINT ( 'NONE',  ( 79.99999999999998579, 1.600000000000000089, -84.99999999999997158 ) ) ;
#972 = DIRECTION ( 'NONE',  ( 0.0000000000000000000, 0.0000000000000000000, 1.000000000000000000 ) ) ;
#973 = ORIENTED_EDGE ( 'NONE', *, *, #61, .F. ) ;
#974 =( NAMED_UNIT ( * ) SI_UNIT ( $, .STERADIAN. ) SOLID_ANGLE_UNIT ( ) );
#975 = ORIENTED_EDGE ( 'NONE', *, *, #437, .F. ) ;
#976 = CARTESIAN_POINT ( 'NONE',  ( -79.99999999999995737, 0.0000000000000000000, 80.00000000000002842 ) ) ;
#977 = EDGE_CURVE ( 'NONE', #769, #487, #153, .T. ) ;
#978 =( LENGTH_UNIT ( ) NAMED_UNIT ( * ) SI_UNIT ( .MILLI., .METRE. ) );
#979 = CARTESIAN_POINT ( 'NONE',  ( -79.99999999999995737, 0.0000000000000000000, -84.99999999999997158 ) ) ;
#980 = DIRECTION ( 'NONE',  ( 0.0000000000000000000, 0.0000000000000000000, 1.000000000000000000 ) ) ;
#981 = ORIENTED_EDGE ( 'NONE', *, *, #133, .T. ) ;
#982 = CARTESIAN_POINT ( 'NONE',  ( -86.39999999999996305, 42.60999999999999943, 90.10999999999999943 ) ) ;
#983 = COLOUR_RGB ( '',0.7921568627450980005, 0.8196078431372548767, 0.9333333333333333481 ) ;
#984 = VERTEX_POINT ( 'NONE', #340 ) ;
#985 = CARTESIAN_POINT ( 'NONE',  ( 79.99999999999998579, 0.0000000000000000000, -84.99999999999997158 ) ) ;
#986 =( NAMED_UNIT ( * ) PLANE_ANGLE_UNIT ( ) SI_UNIT ( $, .RADIAN. ) );
#987 = CIRCLE ( 'NONE', #1134, 1.000000000000000888 ) ;
#988 = LINE ( 'NONE', #486, #232 ) ;
#989 = ADVANCED_FACE ( 'NONE', ( #1638 ), #1252, .F. ) ;
#990 = DIRECTION ( 'NONE',  ( 0.0000000000000000000, -1.000000000000000000, 0.0000000000000000000 ) ) ;
#991 = PLANE ( 'NONE',  #929 ) ;
#992 = DIRECTION ( 'NONE',  ( 0.0000000000000000000, 0.0000000000000000000, 1.000000000000000000 ) ) ;
#993 =( GEOMETRIC_REPRESENTATION_CONTEXT ( 3 ) GLOBAL_UNCERTAINTY_ASSIGNED_CONTEXT ( ( #1057 ) ) GLOBAL_UNIT_ASSIGNED_CONTEXT ( ( #81, #986, #1137 ) ) REPRESENTATION_CONTEXT ( 'NONE', 'WORKASPACE' ) );
#994 = ORIENTED_EDGE ( 'NONE', *, *, #643, .T. ) ;
#995 = LINE ( 'NONE', #1511, #194 ) ;
#996 = AXIS2_PLACEMENT_3D ( 'NONE', #1448, #292, #1542 ) ;
#997 = APPLICATION_PROTOCOL_DEFINITION ( 'draft international standard', 'automotive_design', 1998, #951 ) ;
#998 = DIRECTION ( 'NONE',  ( 1.000000000000000000, 0.0000000000000000000, 0.0000000000000000000 ) ) ;
#999 = ORIENTED_EDGE ( 'NONE', *, *, #1436, .F. ) ;
#1000 = FACE_OUTER_BOUND ( 'NONE', #569, .T. ) ;
#1001 = LINE ( 'NONE', #1006, #1170 ) ;
#1002 =( LENGTH_UNIT ( ) NAMED_UNIT ( * ) SI_UNIT ( .MILLI., .METRE. ) );
#1003 = DIRECTION ( 'NONE',  ( -0.0000000000000000000, -0.0000000000000000000, -1.000000000000000000 ) ) ;
#1004 = EDGE_LOOP ( 'NONE', ( #1319, #1174 ) ) ;
#1005 = CARTESIAN_POINT ( 'NONE',  ( 71.35000000000003695, -1.239999999999993330, 87.10999999999999943 ) ) ;
#1006 = CARTESIAN_POINT ( 'NONE',  ( 71.35000000000003695, 41.60999999999999233, 90.10999999999999943 ) ) ;
#1007 = ADVANCED_FACE ( 'NONE', ( #848 ), #817, .T. ) ;
#1008 = CARTESIAN_POINT ( 'NONE',  ( 31.00000000000001421, 1.600000000000000089, -23.99999999999995737 ) ) ;
#1009 = AXIS2_PLACEMENT_3D ( 'NONE', #1382, #1517, #482 ) ;
#1010 = VECTOR ( 'NONE', #1467, 1000.000000000000000 ) ;
#1011 = DIRECTION ( 'NONE',  ( 0.0000000000000000000, 0.0000000000000000000, 1.000000000000000000 ) ) ;
#1012 = ORIENTED_EDGE ( 'NONE', *, *, #1519, .T. ) ;
#1013 = DIRECTION ( 'NONE',  ( -0.0000000000000000000, -1.000000000000000000, -0.0000000000000000000 ) ) ;
#1014 = DIRECTION ( 'NONE',  ( -0.0000000000000000000, -0.0000000000000000000, -1.000000000000000000 ) ) ;
#1015 = VECTOR ( 'NONE', #668, 1000.000000000000000 ) ;
#1016 = CARTESIAN_POINT ( 'NONE',  ( 78.83000000000002672, 1.600000000000000089, -80.09999999999998010 ) ) ;
#1017 = CARTESIAN_POINT ( 'NONE',  ( -86.39999999999996305, 41.60999999999999943, 87.10999999999999943 ) ) ;
#1018 = AXIS2_PLACEMENT_3D ( 'NONE', #417, #777, #40 ) ;
#1019 = ORIENTED_EDGE ( 'NONE', *, *, #1041, .T. ) ;
#1020 = CARTESIAN_POINT ( 'NONE',  ( -78.64999999999999147, 0.0000000000000000000, -82.09999999999998010 ) ) ;
#1021 = CARTESIAN_POINT ( 'NONE',  ( -58.99999999999998579, 1.600000000000000089, 30.00000000000003197 ) ) ;
#1022 = CIRCLE ( 'NONE', #465, 5.000000000000004441 ) ;
#1023 = LINE ( 'NONE', #1030, #1 ) ;
#1024 = LINE ( 'NONE', #21, #513 ) ;
#1025 = CARTESIAN_POINT ( 'NONE',  ( 73.50000000000004263, 1.600000000000000089, 42.40000000000003411 ) ) ;
#1026 = EDGE_CURVE ( 'NONE', #177, #1079, #1312, .T. ) ;
#1027 = EDGE_LOOP ( 'NONE', ( #1577, #1596, #459, #924 ) ) ;
#1028 = DIRECTION ( 'NONE',  ( 0.0000000000000000000, 1.000000000000000000, -0.0000000000000000000 ) ) ;
#1029 = CYLINDRICAL_SURFACE ( 'NONE', #1033, 3.000000000000002665 ) ;
#1030 = CARTESIAN_POINT ( 'NONE',  ( 78.83000000000002672, 1.600000000000000089, -82.09999999999998010 ) ) ;
#1031 = ORIENTED_EDGE ( 'NONE', *, *, #1218, .F. ) ;
#1032 = EDGE_CURVE ( 'NONE', #551, #410, #586, .T. ) ;
#1033 = AXIS2_PLACEMENT_3D ( 'NONE', #297, #794, #1453 ) ;
#1034 = CYLINDRICAL_SURFACE ( 'NONE', #488, 2.000000000000001776 ) ;
#1035 = FILL_AREA_STYLE ('',( #524 ) ) ;
#1036 = ORIENTED_EDGE ( 'NONE', *, *, #264, .F. ) ;
#1037 = EDGE_CURVE ( 'NONE', #786, #936, #326, .T. ) ;
#1038 =( LENGTH_UNIT ( ) NAMED_UNIT ( * ) SI_UNIT ( .MILLI., .METRE. ) );
#1039 = EDGE_LOOP ( 'NONE', ( #814, #1510, #1472, #231 ) ) ;
#1040 = ORIENTED_EDGE ( 'NONE', *, *, #643, .F. ) ;
#1041 = EDGE_CURVE ( 'NONE', #796, #1231, #289, .T. ) ;
#1042 = ORIENTED_EDGE ( 'NONE', *, *, #592, .T. ) ;
#1043 = AXIS2_PLACEMENT_3D ( 'NONE', #246, #908, #1282 ) ;
#1044 = CARTESIAN_POINT ( 'NONE',  ( -86.39999999999996305, -2.240000000000000213, 87.10999999999999943 ) ) ;
#1045 = DIRECTION ( 'NONE',  ( 0.0000000000000000000, 0.0000000000000000000, 1.000000000000000000 ) ) ;
#1046 = VECTOR ( 'NONE', #113, 1000.000000000000000 ) ;
#1047 = ORIENTED_EDGE ( 'NONE', *, *, #496, .T. ) ;
#1048 = DIRECTION ( 'NONE',  ( 0.0000000000000000000, 0.0000000000000000000, 1.000000000000000000 ) ) ;
#1049 = AXIS2_PLACEMENT_3D ( 'NONE', #1016, #768, #132 ) ;
#1050 = ORIENTED_EDGE ( 'NONE', *, *, #1519, .F. ) ;
#1051 = VERTEX_POINT ( 'NONE', #176 ) ;
#1052 = ORIENTED_EDGE ( 'NONE', *, *, #19, .T. ) ;
#1053 = ORIENTED_EDGE ( 'NONE', *, *, #528, .T. ) ;
#1054 = CARTESIAN_POINT ( 'NONE',  ( 78.50000000000002842, 12.84999999999999964, 27.05000000000003268 ) ) ;
#1055 = CARTESIAN_POINT ( 'NONE',  ( 0.0000000000000000000, 12.84999999999999964, 28.75000000000003197 ) ) ;
#1056 = ORIENTED_EDGE ( 'NONE', *, *, #963, .F. ) ;
#1057 = UNCERTAINTY_MEASURE_WITH_UNIT (LENGTH_MEASURE( 1.000000000000000082E-05 ), #81, 'distance_accuracy_value', 'NONE');
#1058 = LINE ( 'NONE', #295, #57 ) ;
#1059 = SURFACE_SIDE_STYLE ('',( #1574 ) ) ;
#1060 = ORIENTED_EDGE ( 'NONE', *, *, #291, .F. ) ;
#1061 = ORIENTED_EDGE ( 'NONE', *, *, #1564, .F. ) ;
#1062 = EDGE_CURVE ( 'NONE', #1079, #177, #1450, .T. ) ;
#1063 = EDGE_LOOP ( 'NONE', ( #1327, #354 ) ) ;
#1064 = DIRECTION ( 'NONE',  ( -0.0000000000000000000, -1.000000000000000000, -0.0000000000000000000 ) ) ;
#1065 = CARTESIAN_POINT ( 'NONE',  ( 78.83000000000004093, 1.600000000000000089, 76.84000000000003183 ) ) ;
#1066 = EDGE_CURVE ( 'NONE', #175, #4, #1476, .T. ) ;
#1067 = VERTEX_POINT ( 'NONE', #1587 ) ;
#1068 = DIRECTION ( 'NONE',  ( 0.0000000000000000000, 1.000000000000000000, -0.0000000000000000000 ) ) ;
#1069 = CARTESIAN_POINT ( 'NONE',  ( 78.83000000000004093, 1.600000000000000089, 72.84000000000003183 ) ) ;
#1070 = EDGE_LOOP ( 'NONE', ( #677, #220, #247, #1616 ) ) ;
#1071 = VERTEX_POINT ( 'NONE', #573 ) ;
#1072 = CIRCLE ( 'NONE', #260, 5.000000000000004441 ) ;
#1073 = DIRECTION ( 'NONE',  ( 0.0000000000000000000, 0.0000000000000000000, 1.000000000000000000 ) ) ;
#1074 = LINE ( 'NONE', #1055, #1235 ) ;
#1075 = CYLINDRICAL_SURFACE ( 'NONE', #325, 5.000000000000004441 ) ;
#1076 = AXIS2_PLACEMENT_3D ( 'NONE', #557, #1068, #1581 ) ;
#1077 = DIRECTION ( 'NONE',  ( 1.734723475976807587E-16, 0.0000000000000000000, 1.000000000000000000 ) ) ;
#1078 = ORIENTED_EDGE ( 'NONE', *, *, #147, .T. ) ;
#1079 = VERTEX_POINT ( 'NONE', #958 ) ;
#1080 = CIRCLE ( 'NONE', #912, 2.000000000000001776 ) ;
#1081 = CARTESIAN_POINT ( 'NONE',  ( -86.39999999999996305, -2.240000000000000213, 90.10999999999999943 ) ) ;
#1082 = DIRECTION ( 'NONE',  ( 0.0000000000000000000, 1.000000000000000000, -0.0000000000000000000 ) ) ;
#1083 = CARTESIAN_POINT ( 'NONE',  ( 73.50000000000004263, 12.84999999999999964, 42.40000000000003411 ) ) ;
#1084 = ORIENTED_EDGE ( 'NONE', *, *, #738, .T. ) ;
#1085 = EDGE_CURVE ( 'NONE', #544, #867, #58, .T. ) ;
#1086 = PLANE ( 'NONE',  #539 ) ;
#1087 = EDGE_CURVE ( 'NONE', #1362, #931, #563, .T. ) ;
#1088 = ADVANCED_FACE ( 'NONE', ( #1201 ), #1346, .F. ) ;
#1089 = CARTESIAN_POINT ( 'NONE',  ( -78.64999999999999147, 1.600000000000000089, -82.09999999999998010 ) ) ;
#1090 = CARTESIAN_POINT ( 'NONE',  ( -86.39999999999996305, -2.240000000000000213, 90.10999999999999943 ) ) ;
#1091 = AXIS2_PLACEMENT_3D ( 'NONE', #6, #382, #765 ) ;
#1092 = VERTEX_POINT ( 'NONE', #1226 ) ;
#1093 = AXIS2_PLACEMENT_3D ( 'NONE', #732, #1119, #741 ) ;
#1094 = EDGE_CURVE ( 'NONE', #38, #522, #65, .T. ) ;
#1095 = VERTEX_POINT ( 'NONE', #580 ) ;
#1096 = CARTESIAN_POINT ( 'NONE',  ( 73.50000000000004263, 12.84999999999999964, 0.0000000000000000000 ) ) ;
#1097 = AXIS2_PLACEMENT_3D ( 'NONE', #1017, #1045, #120 ) ;
#1098 = SURFACE_STYLE_FILL_AREA ( #724 ) ;
#1099 = VECTOR ( 'NONE', #599, 1000.000000000000000 ) ;
#1100 = CARTESIAN_POINT ( 'NONE',  ( 78.50000000000002842, 5.000000000000000888, 27.05000000000003268 ) ) ;
#1101 = LINE ( 'NONE', #109, #1407 ) ;
#1102 = ORIENTED_EDGE ( 'NONE', *, *, #1392, .T. ) ;
#1103 = AXIS2_PLACEMENT_3D ( 'NONE', #1268, #1627, #478 ) ;
#1104 = STYLED_ITEM ( 'NONE', ( #610 ), #1191 ) ;
#1105 = DIRECTION ( 'NONE',  ( 0.0000000000000000000, 0.0000000000000000000, 1.000000000000000000 ) ) ;
#1106 = AXIS2_PLACEMENT_3D ( 'NONE', #1154, #384, #904 ) ;
#1107 = ORIENTED_EDGE ( 'NONE', *, *, #1368, .T. ) ;
#1108 = DIRECTION ( 'NONE',  ( 0.0000000000000000000, 0.0000000000000000000, 1.000000000000000000 ) ) ;
#1109 = DIRECTION ( 'NONE',  ( 0.0000000000000000000, 0.0000000000000000000, 1.000000000000000000 ) ) ;
#1110 = AXIS2_PLACEMENT_3D ( 'NONE', #223, #102, #612 ) ;
#1111 = DIRECTION ( 'NONE',  ( -1.000000000000000000, 0.0000000000000000000, 0.0000000000000000000 ) ) ;
#1112 = CARTESIAN_POINT ( 'NONE',  ( 0.0000000000000000000, 1.600000000000000089, 0.0000000000000000000 ) ) ;
#1113 = VERTEX_POINT ( 'NONE', #952 ) ;
#1114 = LINE ( 'NONE', #1625, #1245 ) ;
#1115 = ORIENTED_EDGE ( 'NONE', *, *, #495, .F. ) ;
#1116 = DIRECTION ( 'NONE',  ( 0.0000000000000000000, 0.0000000000000000000, 1.000000000000000000 ) ) ;
#1117 =( NAMED_UNIT ( * ) PLANE_ANGLE_UNIT ( ) SI_UNIT ( $, .RADIAN. ) );
#1118 = ADVANCED_FACE ( 'NONE', ( #206 ), #1086, .F. ) ;
#1119 = DIRECTION ( 'NONE',  ( 0.0000000000000000000, 1.000000000000000000, -0.0000000000000000000 ) ) ;
#1120 = DIRECTION ( 'NONE',  ( 0.0000000000000000000, -0.0000000000000000000, 1.000000000000000000 ) ) ;
#1121 = CARTESIAN_POINT ( 'NONE',  ( 70.35000000000003695, -2.240000000000000657, 90.10999999999999943 ) ) ;
#1122 = CARTESIAN_POINT ( 'NONE',  ( 71.35000000000003695, -1.239999999999993330, 87.10999999999999943 ) ) ;
#1123 = VECTOR ( 'NONE', #1391, 1000.000000000000000 ) ;
#1124 = ORIENTED_EDGE ( 'NONE', *, *, #495, .T. ) ;
#1125 = LINE ( 'NONE', #871, #1046 ) ;
#1126 = AXIS2_PLACEMENT_3D ( 'NONE', #438, #1204, #596 ) ;
#1127 = DIRECTION ( 'NONE',  ( -0.0000000000000000000, -1.000000000000000000, -0.0000000000000000000 ) ) ;
#1128 = EDGE_LOOP ( 'NONE', ( #146, #85 ) ) ;
#1129 = EDGE_CURVE ( 'NONE', #546, #314, #29, .T. ) ;
#1130 = VECTOR ( 'NONE', #104, 1000.000000000000000 ) ;
#1131 = CARTESIAN_POINT ( 'NONE',  ( 85.00000000000004263, 1.600000000000000089, 80.00000000000000000 ) ) ;
#1132 = CARTESIAN_POINT ( 'NONE',  ( 76.00000000000002842, 5.000000000000000888, 0.0000000000000000000 ) ) ;
#1133 = CARTESIAN_POINT ( 'NONE',  ( 76.00000000000002842, 5.000000000000000888, 40.40000000000003411 ) ) ;
#1134 = AXIS2_PLACEMENT_3D ( 'NONE', #391, #1048, #1565 ) ;
#1135 = CIRCLE ( 'NONE', #1076, 5.000000000000004441 ) ;
#1136 = LINE ( 'NONE', #338, #324 ) ;
#1137 =( NAMED_UNIT ( * ) SI_UNIT ( $, .STERADIAN. ) SOLID_ANGLE_UNIT ( ) );
#1138 = EDGE_CURVE ( 'NONE', #867, #1451, #714, .T. ) ;
#1139 = EDGE_LOOP ( 'NONE', ( #1465, #525, #1052, #933 ) ) ;
#1140 = CYLINDRICAL_SURFACE ( 'NONE', #888, 5.000000000000004441 ) ;
#1141 = CARTESIAN_POINT ( 'NONE',  ( 78.50000000000001421, 5.000000000000000888, -44.59999999999997300 ) ) ;
#1142 = DIRECTION ( 'NONE',  ( 0.0000000000000000000, 0.0000000000000000000, -1.000000000000000000 ) ) ;
#1143 = EDGE_CURVE ( 'NONE', #769, #1433, #969, .T. ) ;
#1144 = DIRECTION ( 'NONE',  ( 1.000000000000000000, 0.0000000000000000000, -0.0000000000000000000 ) ) ;
#1145 = ORIENTED_EDGE ( 'NONE', *, *, #1503, .F. ) ;
#1146 = CYLINDRICAL_SURFACE ( 'NONE', #152, 3.000000000000002665 ) ;
#1147 = PLANE ( 'NONE',  #1630 ) ;
#1148 = DIRECTION ( 'NONE',  ( 0.0000000000000000000, 0.0000000000000000000, 1.000000000000000000 ) ) ;
#1149 = FACE_OUTER_BOUND ( 'NONE', #1323, .T. ) ;
#1150 = ORIENTED_EDGE ( 'NONE', *, *, #174, .F. ) ;
#1151 = CARTESIAN_POINT ( 'NONE',  ( 78.83000000000002672, 1.600000000000000089, -80.09999999999998010 ) ) ;
#1152 = LINE ( 'NONE', #490, #1123 ) ;
#1153 = CIRCLE ( 'NONE', #296, 3.000000000000002665 ) ;
#1154 = CARTESIAN_POINT ( 'NONE',  ( -78.64999999999997726, 0.0000000000000000000, 51.98000000000003240 ) ) ;
#1155 = ADVANCED_FACE ( 'NONE', ( #594 ), #468, .T. ) ;
#1156 = VECTOR ( 'NONE', #681, 1000.000000000000000 ) ;
#1157 = DIRECTION ( 'NONE',  ( -0.0000000000000000000, -1.000000000000000000, -0.0000000000000000000 ) ) ;
#1158 = CARTESIAN_POINT ( 'NONE',  ( 71.35000000000003695, 41.60999999999999233, 87.10999999999999943 ) ) ;
#1159 = ORIENTED_EDGE ( 'NONE', *, *, #1350, .F. ) ;
#1160 = FACE_OUTER_BOUND ( 'NONE', #413, .T. ) ;
#1161 = FILL_AREA_STYLE_COLOUR ( '', #983 ) ;
#1162 = DIRECTION ( 'NONE',  ( 0.0000000000000000000, 0.0000000000000000000, 1.000000000000000000 ) ) ;
#1163 = ORIENTED_EDGE ( 'NONE', *, *, #823, .T. ) ;
#1164 = DIRECTION ( 'NONE',  ( -1.000000000000000000, 0.0000000000000000000, 0.0000000000000000000 ) ) ;
#1165 = EDGE_CURVE ( 'NONE', #786, #1412, #809, .T. ) ;
#1166 = CARTESIAN_POINT ( 'NONE',  ( -58.99999999999998579, 0.0000000000000000000, -20.99999999999995737 ) ) ;
#1167 = EDGE_LOOP ( 'NONE', ( #150, #751, #1456, #994 ) ) ;
#1168 = ADVANCED_FACE ( 'NONE', ( #879 ), #722, .F. ) ;
#1169 = VERTEX_POINT ( 'NONE', #1520 ) ;
#1170 = VECTOR ( 'NONE', #876, 1000.000000000000000 ) ;
#1171 = LINE ( 'NONE', #425, #433 ) ;
#1172 = DIRECTION ( 'NONE',  ( -0.0000000000000000000, 0.0000000000000000000, 1.000000000000000000 ) ) ;
#1173 = CIRCLE ( 'NONE', #873, 2.000000000000001776 ) ;
#1174 = ORIENTED_EDGE ( 'NONE', *, *, #139, .T. ) ;
#1175 = FACE_OUTER_BOUND ( 'NONE', #1190, .T. ) ;
#1176 = ORIENTED_EDGE ( 'NONE', *, *, #72, .T. ) ;
#1177 = ORIENTED_EDGE ( 'NONE', *, *, #1343, .T. ) ;
#1178 = VERTEX_POINT ( 'NONE', #236 ) ;
#1179 = ORIENTED_EDGE ( 'NONE', *, *, #228, .F. ) ;
#1180 = AXIS2_PLACEMENT_3D ( 'NONE', #464, #1393, #1255 ) ;
#1181 = LINE ( 'NONE', #657, #856 ) ;
#1182 = CARTESIAN_POINT ( 'NONE',  ( 73.50000000000004263, 12.84999999999999964, 42.40000000000003411 ) ) ;
#1183 = AXIS2_PLACEMENT_3D ( 'NONE', #1501, #1637, #1116 ) ;
#1184 = PRODUCT_DEFINITION_FORMATION_WITH_SPECIFIED_SOURCE ( 'ANY', '', #1594, .NOT_KNOWN. ) ;
#1185 = ORIENTED_EDGE ( 'NONE', *, *, #708, .T. ) ;
#1186 = CARTESIAN_POINT ( 'NONE',  ( -58.99999999999998579, 1.600000000000000089, 33.00000000000003553 ) ) ;
#1187 = EDGE_CURVE ( 'NONE', #598, #1431, #1136, .T. ) ;
#1188 = DIRECTION ( 'NONE',  ( 0.0000000000000000000, 1.000000000000000000, -0.0000000000000000000 ) ) ;
#1189 = ORIENTED_EDGE ( 'NONE', *, *, #901, .T. ) ;
#1190 = EDGE_LOOP ( 'NONE', ( #1189, #455, #138, #497 ) ) ;
#1191 = ADVANCED_BREP_SHAPE_REPRESENTATION ( 'Mini-ITX', ( #208, #707, #1212 ), #1289 ) ;
#1192 = EDGE_CURVE ( 'NONE', #1071, #1431, #1125, .T. ) ;
#1193 = EDGE_LOOP ( 'NONE', ( #181, #729, #779, #1060 ) ) ;
#1194 = VECTOR ( 'NONE', #926, 1000.000000000000000 ) ;
#1195 = LINE ( 'NONE', #143, #214 ) ;
#1196 = EDGE_LOOP ( 'NONE', ( #1199, #424, #197, #583 ) ) ;
#1197 = ORIENTED_EDGE ( 'NONE', *, *, #1436, .T. ) ;
#1198 = FACE_OUTER_BOUND ( 'NONE', #1624, .T. ) ;
#1199 = ORIENTED_EDGE ( 'NONE', *, *, #1218, .T. ) ;
#1200 = VERTEX_POINT ( 'NONE', #631 ) ;
#1201 = FACE_OUTER_BOUND ( 'NONE', #560, .T. ) ;
#1202 = DIRECTION ( 'NONE',  ( -0.0000000000000000000, -1.000000000000000000, -0.0000000000000000000 ) ) ;
#1203 = DIRECTION ( 'NONE',  ( -1.000000000000000000, 0.0000000000000000000, 0.0000000000000000000 ) ) ;
#1204 = DIRECTION ( 'NONE',  ( 0.0000000000000000000, 1.000000000000000000, -0.0000000000000000000 ) ) ;
#1205 = EDGE_LOOP ( 'NONE', ( #692, #719 ) ) ;
#1206 = ORIENTED_EDGE ( 'NONE', *, *, #315, .F. ) ;
#1207 = VECTOR ( 'NONE', #1592, 1000.000000000000000 ) ;
#1208 = EDGE_CURVE ( 'NONE', #331, #1378, #212, .T. ) ;
#1209 = DIRECTION ( 'NONE',  ( 0.0000000000000000000, 1.000000000000000000, -0.0000000000000000000 ) ) ;
#1210 = CARTESIAN_POINT ( 'NONE',  ( -79.99999999999998579, 1.600000000000000089, -79.99999999999997158 ) ) ;
#1211 = CARTESIAN_POINT ( 'NONE',  ( 78.83000000000002672, 0.0000000000000000000, -80.09999999999998010 ) ) ;
#1212 = AXIS2_PLACEMENT_3D ( 'NONE', #1646, #1109, #857 ) ;
#1213 = LINE ( 'NONE', #1083, #1554 ) ;
#1214 = EDGE_CURVE ( 'NONE', #1585, #1412, #241, .T. ) ;
#1215 = ORIENTED_EDGE ( 'NONE', *, *, #268, .F. ) ;
#1216 = AXIS2_PLACEMENT_3D ( 'NONE', #165, #397, #1291 ) ;
#1217 = EDGE_CURVE ( 'NONE', #287, #1595, #457, .T. ) ;
#1218 = EDGE_CURVE ( 'NONE', #600, #1294, #881, .T. ) ;
#1219 = CARTESIAN_POINT ( 'NONE',  ( 31.00000000000001421, 0.0000000000000000000, 30.00000000000003197 ) ) ;
#1220 = DIRECTION ( 'NONE',  ( 0.0000000000000000000, 0.0000000000000000000, 1.000000000000000000 ) ) ;
#1221 = EDGE_CURVE ( 'NONE', #364, #1583, #485, .T. ) ;
#1222 = CARTESIAN_POINT ( 'NONE',  ( -84.99999999999997158, 0.0000000000000000000, 1.474514954580286030E-14 ) ) ;
#1223 = ADVANCED_FACE ( 'NONE', ( #748 ), #1396, .F. ) ;
#1224 = ORIENTED_EDGE ( 'NONE', *, *, #1558, .T. ) ;
#1225 = ORIENTED_EDGE ( 'NONE', *, *, #609, .T. ) ;
#1226 = CARTESIAN_POINT ( 'NONE',  ( 76.00000000000004263, 12.84999999999999964, -44.59999999999997300 ) ) ;
#1227 = PRODUCT_DEFINITION_CONTEXT ( 'detailed design', #64, 'design' ) ;
#1228 = DIRECTION ( 'NONE',  ( 0.0000000000000000000, 0.0000000000000000000, 1.000000000000000000 ) ) ;
#1229 = CIRCLE ( 'NONE', #1009, 3.000000000000002665 ) ;
#1230 = DIRECTION ( 'NONE',  ( 0.0000000000000000000, 0.0000000000000000000, 1.000000000000000000 ) ) ;
#1231 = VERTEX_POINT ( 'NONE', #985 ) ;
#1232 = AXIS2_PLACEMENT_3D ( 'NONE', #1619, #460, #833 ) ;
#1233 = ORIENTED_EDGE ( 'NONE', *, *, #1094, .T. ) ;
#1234 = DIRECTION ( 'NONE',  ( 0.0000000000000000000, 0.0000000000000000000, 1.000000000000000000 ) ) ;
#1235 = VECTOR ( 'NONE', #574, 1000.000000000000000 ) ;
#1236 = CARTESIAN_POINT ( 'NONE',  ( 81.00000000000001421, 12.84999999999999964, -46.59999999999995879 ) ) ;
#1237 = FACE_BOUND ( 'NONE', #680, .T. ) ;
#1238 = ORIENTED_EDGE ( 'NONE', *, *, #831, .T. ) ;
#1239 = CARTESIAN_POINT ( 'NONE',  ( 31.00000000000001421, 1.600000000000000089, -20.99999999999995737 ) ) ;
#1240 = CIRCLE ( 'NONE', #1534, 5.000000000000004441 ) ;
#1241 = EDGE_CURVE ( 'NONE', #1583, #1200, #995, .T. ) ;
#1242 = EDGE_LOOP ( 'NONE', ( #308, #151 ) ) ;
#1243 = DIRECTION ( 'NONE',  ( -1.559302000878028960E-16, 0.0000000000000000000, -1.000000000000000000 ) ) ;
#1244 = LINE ( 'NONE', #1487, #674 ) ;
#1245 = VECTOR ( 'NONE', #1264, 1000.000000000000000 ) ;
#1246 = DIRECTION ( 'NONE',  ( 0.0000000000000000000, 1.000000000000000000, -0.0000000000000000000 ) ) ;
#1247 = DIRECTION ( 'NONE',  ( 0.0000000000000000000, -0.0000000000000000000, -1.000000000000000000 ) ) ;
#1248 = DIRECTION ( 'NONE',  ( -1.000000000000000000, 0.0000000000000000000, 0.0000000000000000000 ) ) ;
#1249 = CARTESIAN_POINT ( 'NONE',  ( -58.99999999999998579, 0.0000000000000000000, 27.00000000000003197 ) ) ;
#1250 = ORIENTED_EDGE ( 'NONE', *, *, #685, .T. ) ;
#1251 = CARTESIAN_POINT ( 'NONE',  ( 80.00000000000004263, 1.600000000000000089, 80.00000000000002842 ) ) ;
#1252 = PLANE ( 'NONE',  #74 ) ;
#1253 = DIRECTION ( 'NONE',  ( 0.0000000000000000000, 0.0000000000000000000, 1.000000000000000000 ) ) ;
#1254 = CARTESIAN_POINT ( 'NONE',  ( -86.39999999999996305, 42.60999999999999943, 87.10999999999999943 ) ) ;
#1255 = DIRECTION ( 'NONE',  ( 0.0000000000000000000, 0.0000000000000000000, 1.000000000000000000 ) ) ;
#1256 = EDGE_LOOP ( 'NONE', ( #1609, #1576, #323, #404 ) ) ;
#1257 = DIRECTION ( 'NONE',  ( 1.000000000000000000, 0.0000000000000000000, 0.0000000000000000000 ) ) ;
#1258 = LINE ( 'NONE', #1514, #1605 ) ;
#1259 = ORIENTED_EDGE ( 'NONE', *, *, #1392, .F. ) ;
#1260 = AXIS2_PLACEMENT_3D ( 'NONE', #750, #1661, #1144 ) ;
#1261 = FACE_OUTER_BOUND ( 'NONE', #736, .T. ) ;
#1262 = DIRECTION ( 'NONE',  ( 0.0000000000000000000, 1.000000000000000000, -0.0000000000000000000 ) ) ;
#1263 = PRODUCT_DEFINITION ( 'UNKNOWN', '', #1184, #1227 ) ;
#1264 = DIRECTION ( 'NONE',  ( -0.0000000000000000000, -1.000000000000000000, -0.0000000000000000000 ) ) ;
#1265 = VECTOR ( 'NONE', #332, 1000.000000000000000 ) ;
#1266 = ADVANCED_FACE ( 'NONE', ( #1651 ), #500, .F. ) ;
#1267 = EDGE_CURVE ( 'NONE', #1051, #395, #1355, .T. ) ;
#1268 = CARTESIAN_POINT ( 'NONE',  ( 78.83000000000002672, 1.600000000000000089, -80.09999999999998010 ) ) ;
#1269 = CARTESIAN_POINT ( 'NONE',  ( -84.99999999999997158, 1.600000000000000089, 1.474514954580286030E-14 ) ) ;
#1270 = EDGE_LOOP ( 'NONE', ( #1150, #1313, #776, #423 ) ) ;
#1271 = DIRECTION ( 'NONE',  ( -0.0000000000000000000, -1.000000000000000000, -0.0000000000000000000 ) ) ;
#1272 = DIRECTION ( 'NONE',  ( -0.0000000000000000000, 1.000000000000000000, -0.0000000000000000000 ) ) ;
#1273 = CYLINDRICAL_SURFACE ( 'NONE', #572, 1.000000000000000888 ) ;
#1274 = CARTESIAN_POINT ( 'NONE',  ( 31.00000000000001421, 1.600000000000000089, -23.99999999999995737 ) ) ;
#1275 = ORIENTED_EDGE ( 'NONE', *, *, #440, .T. ) ;
#1276 = CARTESIAN_POINT ( 'NONE',  ( 79.99999999999998579, 1.600000000000000089, -84.99999999999997158 ) ) ;
#1277 = DIRECTION ( 'NONE',  ( -0.0000000000000000000, -1.000000000000000000, -0.0000000000000000000 ) ) ;
#1278 = ADVANCED_FACE ( 'NONE', ( #1527 ), #1379, .F. ) ;
#1279 =( GEOMETRIC_REPRESENTATION_CONTEXT ( 3 ) GLOBAL_UNCERTAINTY_ASSIGNED_CONTEXT ( ( #469 ) ) GLOBAL_UNIT_ASSIGNED_CONTEXT ( ( #1038, #1315, #402 ) ) REPRESENTATION_CONTEXT ( 'NONE', 'WORKASPACE' ) );
#1280 = DIRECTION ( 'NONE',  ( 0.0000000000000000000, 1.000000000000000000, -0.0000000000000000000 ) ) ;
#1281 = DIRECTION ( 'NONE',  ( -0.0000000000000000000, -0.0000000000000000000, -1.000000000000000000 ) ) ;
#1282 = DIRECTION ( 'NONE',  ( -1.734723475976807834E-16, 0.0000000000000000000, -1.000000000000000000 ) ) ;
#1283 = CIRCLE ( 'NONE', #1634, 3.000000000000002665 ) ;
#1284 = EDGE_LOOP ( 'NONE', ( #659, #1571, #1036, #1370 ) ) ;
#1285 = LINE ( 'NONE', #498, #16 ) ;
#1286 = FACE_OUTER_BOUND ( 'NONE', #259, .T. ) ;
#1287 = EDGE_CURVE ( 'NONE', #287, #1444, #370, .T. ) ;
#1288 = DIRECTION ( 'NONE',  ( 0.0000000000000000000, 1.000000000000000000, -0.0000000000000000000 ) ) ;
#1289 =( GEOMETRIC_REPRESENTATION_CONTEXT ( 3 ) GLOBAL_UNCERTAINTY_ASSIGNED_CONTEXT ( ( #451 ) ) GLOBAL_UNIT_ASSIGNED_CONTEXT ( ( #978, #1117, #333 ) ) REPRESENTATION_CONTEXT ( 'NONE', 'WORKASPACE' ) );
#1290 = ORIENTED_EDGE ( 'NONE', *, *, #624, .T. ) ;
#1291 = DIRECTION ( 'NONE',  ( 0.0000000000000000000, 0.0000000000000000000, -1.000000000000000000 ) ) ;
#1292 = DIRECTION ( 'NONE',  ( -0.0000000000000000000, 0.0000000000000000000, 1.000000000000000000 ) ) ;
#1293 = AXIS2_PLACEMENT_3D ( 'NONE', #346, #855, #96 ) ;
#1294 = VERTEX_POINT ( 'NONE', #355 ) ;
#1295 = DIRECTION ( 'NONE',  ( 0.0000000000000000000, 0.0000000000000000000, 1.000000000000000000 ) ) ;
#1296 = DIRECTION ( 'NONE',  ( 1.000000000000000000, 0.0000000000000000000, 0.0000000000000000000 ) ) ;
#1297 = EDGE_LOOP ( 'NONE', ( #981, #999, #108, #808 ) ) ;
#1298 = CYLINDRICAL_SURFACE ( 'NONE', #1216, 2.000000000000001776 ) ;
#1299 = ADVANCED_FACE ( 'NONE', ( #864 ), #1273, .T. ) ;
#1300 = CARTESIAN_POINT ( 'NONE',  ( 0.0000000000000000000, 5.000000000000000888, 0.0000000000000000000 ) ) ;
#1301 = EDGE_LOOP ( 'NONE', ( #337, #1056 ) ) ;
#1302 = CARTESIAN_POINT ( 'NONE',  ( 78.50000000000002842, 5.000000000000000888, 0.0000000000000000000 ) ) ;
#1303 = CLOSED_SHELL ( 'NONE', ( #1590, #1223, #442, #733, #28, #492, #1443, #1266, #353, #617, #87, #756, #1462, #885, #1644, #199, #783, #1509, #1563, #1484, #728, #298, #1088, #1278, #380, #1537, #318, #141, #1007, #1424, #344, #1168, #466, #198, #571, #144, #666, #537, #1155, #906, #1398 ) ) ;
#1304 = ORIENTED_EDGE ( 'NONE', *, *, #1521, .F. ) ;
#1305 = VERTEX_POINT ( 'NONE', #636 ) ;
#1306 = EDGE_LOOP ( 'NONE', ( #1601, #1040, #45, #1478 ) ) ;
#1307 = ORIENTED_EDGE ( 'NONE', *, *, #101, .T. ) ;
#1308 = EDGE_CURVE ( 'NONE', #1647, #920, #406, .T. ) ;
#1309 = AXIS2_PLACEMENT_3D ( 'NONE', #1151, #265, #892 ) ;
#1310 = CARTESIAN_POINT ( 'NONE',  ( 0.0000000000000000000, 5.000000000000000888, 0.0000000000000000000 ) ) ;
#1311 = ORIENTED_EDGE ( 'NONE', *, *, #237, .T. ) ;
#1312 = CIRCLE ( 'NONE', #504, 3.000000000000002665 ) ;
#1313 = ORIENTED_EDGE ( 'NONE', *, *, #911, .T. ) ;
#1314 = CARTESIAN_POINT ( 'NONE',  ( 31.00000000000001421, 1.600000000000000089, -23.99999999999995737 ) ) ;
#1315 =( NAMED_UNIT ( * ) PLANE_ANGLE_UNIT ( ) SI_UNIT ( $, .RADIAN. ) );
#1316 = EDGE_LOOP ( 'NONE', ( #591, #552, #23, #26 ) ) ;
#1317 = CIRCLE ( 'NONE', #1097, 1.000000000000000888 ) ;
#1318 = ORIENTED_EDGE ( 'NONE', *, *, #780, .T. ) ;
#1319 = ORIENTED_EDGE ( 'NONE', *, *, #562, .T. ) ;
#1320 = CARTESIAN_POINT ( 'NONE',  ( 0.0000000000000000000, 12.84999999999999964, 42.40000000000003411 ) ) ;
#1321 = CARTESIAN_POINT ( 'NONE',  ( 70.35000000000003695, -1.240000000000000435, 87.10999999999999943 ) ) ;
#1322 = AXIS2_PLACEMENT_3D ( 'NONE', #1211, #319, #947 ) ;
#1323 = EDGE_LOOP ( 'NONE', ( #79, #705, #973, #625 ) ) ;
#1324 = CARTESIAN_POINT ( 'NONE',  ( -78.64999999999997726, 0.0000000000000000000, 53.98000000000002530 ) ) ;
#1325 = AXIS2_PLACEMENT_3D ( 'NONE', #1645, #227, #1142 ) ;
#1326 = CARTESIAN_POINT ( 'NONE',  ( -79.99999999999995737, 1.600000000000000089, -84.99999999999997158 ) ) ;
#1327 = ORIENTED_EDGE ( 'NONE', *, *, #1062, .T. ) ;
#1328 = VERTEX_POINT ( 'NONE', #650 ) ;
#1329 = ORIENTED_EDGE ( 'NONE', *, *, #865, .F. ) ;
#1330 = VECTOR ( 'NONE', #1545, 1000.000000000000000 ) ;
#1331 = CARTESIAN_POINT ( 'NONE',  ( -86.39999999999996305, -2.240000000000000213, 90.10999999999999943 ) ) ;
#1332 = CARTESIAN_POINT ( 'NONE',  ( 0.0000000000000000000, 5.000000000000000888, 28.75000000000003197 ) ) ;
#1333 = FACE_BOUND ( 'NONE', #1128, .T. ) ;
#1334 = FACE_OUTER_BOUND ( 'NONE', #1284, .T. ) ;
#1335 = ORIENTED_EDGE ( 'NONE', *, *, #12, .F. ) ;
#1336 = VERTEX_POINT ( 'NONE', #1417 ) ;
#1337 = EDGE_CURVE ( 'NONE', #4, #175, #832, .T. ) ;
#1338 = DIRECTION ( 'NONE',  ( 0.0000000000000000000, -0.0000000000000000000, 1.000000000000000000 ) ) ;
#1339 = CARTESIAN_POINT ( 'NONE',  ( -78.64999999999997726, 1.600000000000000089, 49.98000000000003951 ) ) ;
#1340 = STYLED_ITEM ( 'NONE', ( #421 ), #707 ) ;
#1341 = FACE_BOUND ( 'NONE', #1004, .T. ) ;
#1342 = CARTESIAN_POINT ( 'NONE',  ( 85.00000000000002842, 1.600000000000000089, -1.474514954580286977E-14 ) ) ;
#1343 = EDGE_CURVE ( 'NONE', #1356, #1585, #124, .T. ) ;
#1344 = VERTEX_POINT ( 'NONE', #8 ) ;
#1345 = EDGE_CURVE ( 'NONE', #984, #1608, #134, .T. ) ;
#1346 = CYLINDRICAL_SURFACE ( 'NONE', #163, 3.000000000000002665 ) ;
#1347 = MECHANICAL_DESIGN_GEOMETRIC_PRESENTATION_REPRESENTATION (  '', ( #456 ), #747 ) ;
#1348 = VECTOR ( 'NONE', #1477, 1000.000000000000000 ) ;
#1349 = CARTESIAN_POINT ( 'NONE',  ( 31.00000000000001421, 0.0000000000000000000, -20.99999999999995737 ) ) ;
#1350 = EDGE_CURVE ( 'NONE', #474, #968, #258, .T. ) ;
#1351 = VECTOR ( 'NONE', #1371, 1000.000000000000000 ) ;
#1352 = AXIS2_PLACEMENT_3D ( 'NONE', #1461, #688, #1203 ) ;
#1353 = CARTESIAN_POINT ( 'NONE',  ( 31.00000000000001421, 1.600000000000000089, 30.00000000000003197 ) ) ;
#1354 = ORIENTED_EDGE ( 'NONE', *, *, #322, .F. ) ;
#1355 = CIRCLE ( 'NONE', #595, 5.000000000000004441 ) ;
#1356 = VERTEX_POINT ( 'NONE', #1533 ) ;
#1357 = CARTESIAN_POINT ( 'NONE',  ( -87.39999999999996305, -1.239999999999993330, 90.10999999999999943 ) ) ;
#1358 = CARTESIAN_POINT ( 'NONE',  ( 76.00000000000002842, 12.84999999999999964, 0.0000000000000000000 ) ) ;
#1359 = CARTESIAN_POINT ( 'NONE',  ( 78.50000000000002842, 5.000000000000000888, 0.0000000000000000000 ) ) ;
#1360 = CARTESIAN_POINT ( 'NONE',  ( -86.39999999999996305, -1.240000000000000435, 90.10999999999999943 ) ) ;
#1361 = EDGE_LOOP ( 'NONE', ( #1446, #1311 ) ) ;
#1362 = VERTEX_POINT ( 'NONE', #521 ) ;
#1363 = CARTESIAN_POINT ( 'NONE',  ( 0.0000000000000000000, 12.84999999999999964, 42.40000000000003411 ) ) ;
#1364 = EDGE_CURVE ( 'NONE', #1294, #600, #1508, .T. ) ;
#1365 = CARTESIAN_POINT ( 'NONE',  ( -58.99999999999998579, 0.0000000000000000000, 33.00000000000003553 ) ) ;
#1366 = CARTESIAN_POINT ( 'NONE',  ( 71.35000000000003695, -1.239999999999993330, 90.10999999999999943 ) ) ;
#1367 = ORIENTED_EDGE ( 'NONE', *, *, #742, .F. ) ;
#1368 = EDGE_CURVE ( 'NONE', #600, #546, #1023, .T. ) ;
#1369 = CARTESIAN_POINT ( 'NONE',  ( 85.00000000000001421, 1.600000000000000089, -79.99999999999994316 ) ) ;
#1370 = ORIENTED_EDGE ( 'NONE', *, *, #816, .T. ) ;
#1371 = DIRECTION ( 'NONE',  ( -0.0000000000000000000, -0.0000000000000000000, -1.000000000000000000 ) ) ;
#1372 = CIRCLE ( 'NONE', #717, 3.000000000000002665 ) ;
#1373 = CARTESIAN_POINT ( 'NONE',  ( -87.39999999999996305, -1.239999999999993330, 90.10999999999999943 ) ) ;
#1374 = DIRECTION ( 'NONE',  ( 1.000000000000000000, -0.0000000000000000000, 0.0000000000000000000 ) ) ;
#1375 = ORIENTED_EDGE ( 'NONE', *, *, #915, .T. ) ;
#1376 = DIRECTION ( 'NONE',  ( -0.0000000000000000000, -1.000000000000000000, -0.0000000000000000000 ) ) ;
#1377 = VECTOR ( 'NONE', #1164, 1000.000000000000000 ) ;
#1378 = VERTEX_POINT ( 'NONE', #377 ) ;
#1379 = CYLINDRICAL_SURFACE ( 'NONE', #83, 3.000000000000002665 ) ;
#1380 = CARTESIAN_POINT ( 'NONE',  ( -79.99999999999992895, 0.0000000000000000000, 85.00000000000002842 ) ) ;
#1381 = DIRECTION ( 'NONE',  ( 1.000000000000000000, 0.0000000000000000000, 0.0000000000000000000 ) ) ;
#1382 = CARTESIAN_POINT ( 'NONE',  ( -58.99999999999998579, 0.0000000000000000000, 30.00000000000003197 ) ) ;
#1383 = CARTESIAN_POINT ( 'NONE',  ( -79.99999999999992895, 1.600000000000000089, 85.00000000000002842 ) ) ;
#1384 = VERTEX_POINT ( 'NONE', #1547 ) ;
#1385 = DIRECTION ( 'NONE',  ( -0.0000000000000000000, -1.000000000000000000, -0.0000000000000000000 ) ) ;
#1386 = EDGE_CURVE ( 'NONE', #1497, #30, #1240, .T. ) ;
#1387 = DIRECTION ( 'NONE',  ( 0.0000000000000000000, 0.0000000000000000000, 1.000000000000000000 ) ) ;
#1388 = EDGE_LOOP ( 'NONE', ( #1238, #518, #27, #142 ) ) ;
#1389 = EDGE_CURVE ( 'NONE', #200, #161, #1425, .T. ) ;
#1390 = PLANE ( 'NONE',  #515 ) ;
#1391 = DIRECTION ( 'NONE',  ( -0.0000000000000000000, -1.000000000000000000, -0.0000000000000000000 ) ) ;
#1392 = EDGE_CURVE ( 'NONE', #286, #1572, #250, .T. ) ;
#1393 = DIRECTION ( 'NONE',  ( 0.0000000000000000000, 1.000000000000000000, -0.0000000000000000000 ) ) ;
#1394 = VECTOR ( 'NONE', #512, 1000.000000000000000 ) ;
#1395 = VECTOR ( 'NONE', #230, 1000.000000000000000 ) ;
#1396 = CYLINDRICAL_SURFACE ( 'NONE', #1325, 3.000000000000002665 ) ;
#1397 = FACE_OUTER_BOUND ( 'NONE', #1437, .T. ) ;
#1398 = ADVANCED_FACE ( 'NONE', ( #281 ), #788, .F. ) ;
#1399 = VERTEX_POINT ( 'NONE', #925 ) ;
#1400 = CIRCLE ( 'NONE', #1180, 3.000000000000002665 ) ;
#1401 = DIRECTION ( 'NONE',  ( -1.000000000000000000, -0.0000000000000000000, 0.0000000000000000000 ) ) ;
#1402 = LINE ( 'NONE', #1121, #660 ) ;
#1403 = VECTOR ( 'NONE', #1486, 1000.000000000000000 ) ;
#1404 = CARTESIAN_POINT ( 'NONE',  ( -78.64999999999999147, 1.600000000000000089, -78.09999999999998010 ) ) ;
#1405 = DIRECTION ( 'NONE',  ( 1.000000000000000000, 0.0000000000000000000, 0.0000000000000000000 ) ) ;
#1406 = EDGE_LOOP ( 'NONE', ( #1177, #852, #405, #1197 ) ) ;
#1407 = VECTOR ( 'NONE', #1374, 1000.000000000000000 ) ;
#1408 = DIRECTION ( 'NONE',  ( 0.0000000000000000000, 0.0000000000000000000, 1.000000000000000000 ) ) ;
#1409 = LINE ( 'NONE', #759, #1447 ) ;
#1410 = CARTESIAN_POINT ( 'NONE',  ( 78.50000000000002842, 5.000000000000000888, 28.75000000000003197 ) ) ;
#1411 = FACE_OUTER_BOUND ( 'NONE', #1167, .T. ) ;
#1412 = VERTEX_POINT ( 'NONE', #1044 ) ;
#1413 = DIRECTION ( 'NONE',  ( 0.0000000000000000000, 0.0000000000000000000, -1.000000000000000000 ) ) ;
#1414 = LINE ( 'NONE', #1141, #559 ) ;
#1415 = EDGE_CURVE ( 'NONE', #796, #1435, #1024, .T. ) ;
#1416 = VECTOR ( 'NONE', #682, 1000.000000000000000 ) ;
#1417 = CARTESIAN_POINT ( 'NONE',  ( -58.99999999999998579, 1.600000000000000089, -20.99999999999995737 ) ) ;
#1418 = CARTESIAN_POINT ( 'NONE',  ( 85.00000000000004263, 0.0000000000000000000, 80.00000000000000000 ) ) ;
#1419 = CARTESIAN_POINT ( 'NONE',  ( 78.50000000000002842, 12.84999999999999964, 0.0000000000000000000 ) ) ;
#1420 = VECTOR ( 'NONE', #35, 1000.000000000000000 ) ;
#1421 = EDGE_LOOP ( 'NONE', ( #942, #55, #743, #432 ) ) ;
#1422 = CARTESIAN_POINT ( 'NONE',  ( 76.00000000000004263, 5.000000000000000888, 0.0000000000000000000 ) ) ;
#1423 = FILL_AREA_STYLE ('',( #1161 ) ) ;
#1424 = ADVANCED_FACE ( 'NONE', ( #155 ), #1549, .F. ) ;
#1425 = LINE ( 'NONE', #1410, #883 ) ;
#1426 = AXIS2_PLACEMENT_3D ( 'NONE', #1475, #697, #575 ) ;
#1427 = EDGE_LOOP ( 'NONE', ( #1536, #555, #280, #854 ) ) ;
#1428 = DIRECTION ( 'NONE',  ( -0.0000000000000000000, -1.000000000000000000, -0.0000000000000000000 ) ) ;
#1429 = PLANE ( 'NONE',  #106 ) ;
#1430 = VECTOR ( 'NONE', #819, 1000.000000000000000 ) ;
#1431 = VERTEX_POINT ( 'NONE', #516 ) ;
#1432 = LINE ( 'NONE', #148, #821 ) ;
#1433 = VERTEX_POINT ( 'NONE', #762 ) ;
#1434 = EDGE_LOOP ( 'NONE', ( #1031, #345 ) ) ;
#1435 = VERTEX_POINT ( 'NONE', #1418 ) ;
#1436 = EDGE_CURVE ( 'NONE', #1362, #1356, #1181, .T. ) ;
#1437 = EDGE_LOOP ( 'NONE', ( #1304, #1329, #1233, #88 ) ) ;
#1438 = CARTESIAN_POINT ( 'NONE',  ( -78.64999999999999147, 0.0000000000000000000, -78.09999999999998010 ) ) ;
#1439 = FACE_OUTER_BOUND ( 'NONE', #426, .T. ) ;
#1440 = ORIENTED_EDGE ( 'NONE', *, *, #940, .F. ) ;
#1441 = EDGE_CURVE ( 'NONE', #536, #1444, #1080, .T. ) ;
#1442 = DIRECTION ( 'NONE',  ( 1.000000000000000000, 0.0000000000000000000, -1.734723475976807834E-16 ) ) ;
#1443 = ADVANCED_FACE ( 'NONE', ( #917 ), #31, .F. ) ;
#1444 = VERTEX_POINT ( 'NONE', #1438 ) ;
#1445 = EDGE_LOOP ( 'NONE', ( #1179, #1490 ) ) ;
#1446 = ORIENTED_EDGE ( 'NONE', *, *, #850, .T. ) ;
#1447 = VECTOR ( 'NONE', #1277, 1000.000000000000000 ) ;
#1448 = CARTESIAN_POINT ( 'NONE',  ( 70.35000000000003695, -1.240000000000000435, 90.10999999999999943 ) ) ;
#1449 = CARTESIAN_POINT ( 'NONE',  ( 31.00000000000001421, 0.0000000000000000000, -23.99999999999995737 ) ) ;
#1450 = CIRCLE ( 'NONE', #529, 3.000000000000002665 ) ;
#1451 = VERTEX_POINT ( 'NONE', #1054 ) ;
#1452 = CARTESIAN_POINT ( 'NONE',  ( -87.39999999999996305, -1.239999999999993330, 87.10999999999999943 ) ) ;
#1453 = DIRECTION ( 'NONE',  ( 0.0000000000000000000, 0.0000000000000000000, -1.000000000000000000 ) ) ;
#1454 = ORIENTED_EDGE ( 'NONE', *, *, #838, .F. ) ;
#1455 = AXIS2_PLACEMENT_3D ( 'NONE', #658, #398, #1011 ) ;
#1456 = ORIENTED_EDGE ( 'NONE', *, *, #61, .T. ) ;
#1457 = ORIENTED_EDGE ( 'NONE', *, *, #1364, .T. ) ;
#1458 = CARTESIAN_POINT ( 'NONE',  ( 0.0000000000000000000, 5.000000000000000888, 28.75000000000003197 ) ) ;
#1459 = CYLINDRICAL_SURFACE ( 'NONE', #429, 2.000000000000001776 ) ;
#1460 = ORIENTED_EDGE ( 'NONE', *, *, #69, .F. ) ;
#1461 = CARTESIAN_POINT ( 'NONE',  ( -86.39999999999996305, -1.240000000000000435, 90.10999999999999943 ) ) ;
#1462 = ADVANCED_FACE ( 'NONE', ( #1570 ), #385, .T. ) ;
#1463 = CARTESIAN_POINT ( 'NONE',  ( -84.99999999999998579, 1.600000000000000089, -79.99999999999994316 ) ) ;
#1464 = ORIENTED_EDGE ( 'NONE', *, *, #1521, .T. ) ;
#1465 = ORIENTED_EDGE ( 'NONE', *, *, #72, .F. ) ;
#1466 = AXIS2_PLACEMENT_3D ( 'NONE', #454, #1230, #1482 ) ;
#1467 = DIRECTION ( 'NONE',  ( 1.000000000000000000, 0.0000000000000000000, 0.0000000000000000000 ) ) ;
#1468 = CARTESIAN_POINT ( 'NONE',  ( 0.0000000000000000000, 5.000000000000000888, -44.59999999999997300 ) ) ;
#1469 = DIRECTION ( 'NONE',  ( -0.0000000000000000000, -1.000000000000000000, -0.0000000000000000000 ) ) ;
#1470 = LINE ( 'NONE', #75, #186 ) ;
#1471 = ADVANCED_FACE ( 'NONE', ( #10 ), #644, .T. ) ;
#1472 = ORIENTED_EDGE ( 'NONE', *, *, #1345, .F. ) ;
#1473 = EDGE_CURVE ( 'NONE', #936, #891, #723, .T. ) ;
#1474 = DIRECTION ( 'NONE',  ( 0.0000000000000000000, 1.000000000000000000, -0.0000000000000000000 ) ) ;
#1475 = CARTESIAN_POINT ( 'NONE',  ( 78.83000000000002672, 1.600000000000000089, -80.09999999999998010 ) ) ;
#1476 = CIRCLE ( 'NONE', #749, 1.999999999999994893 ) ;
#1477 = DIRECTION ( 'NONE',  ( -1.000000000000000000, -0.0000000000000000000, -0.0000000000000000000 ) ) ;
#1478 = ORIENTED_EDGE ( 'NONE', *, *, #1138, .T. ) ;
#1479 = CARTESIAN_POINT ( 'NONE',  ( 0.0000000000000000000, 5.000000000000000888, 27.05000000000003268 ) ) ;
#1480 = AXIS2_PLACEMENT_3D ( 'NONE', #221, #1148, #754 ) ;
#1481 = DIRECTION ( 'NONE',  ( -0.0000000000000000000, -1.000000000000000000, -0.0000000000000000000 ) ) ;
#1482 = DIRECTION ( 'NONE',  ( 1.000000000000000000, 0.0000000000000000000, 0.0000000000000000000 ) ) ;
#1483 = ORIENTED_EDGE ( 'NONE', *, *, #911, .F. ) ;
#1484 = ADVANCED_FACE ( 'NONE', ( #800 ), #1298, .F. ) ;
#1485 = EDGE_LOOP ( 'NONE', ( #1653, #913, #684, #1515 ) ) ;
#1486 = DIRECTION ( 'NONE',  ( 0.0000000000000000000, -0.0000000000000000000, -1.000000000000000000 ) ) ;
#1487 = CARTESIAN_POINT ( 'NONE',  ( 76.00000000000004263, 12.84999999999999964, 0.0000000000000000000 ) ) ;
#1488 = DIRECTION ( 'NONE',  ( -0.0000000000000000000, -1.000000000000000000, -0.0000000000000000000 ) ) ;
#1489 = PLANE ( 'NONE',  #307 ) ;
#1490 = ORIENTED_EDGE ( 'NONE', *, *, #1558, .F. ) ;
#1491 = LINE ( 'NONE', #1518, #1130 ) ;
#1492 = ORIENTED_EDGE ( 'NONE', *, *, #1165, .F. ) ;
#1493 = DIRECTION ( 'NONE',  ( 0.0000000000000000000, 0.0000000000000000000, 1.000000000000000000 ) ) ;
#1494 = AXIS2_PLACEMENT_3D ( 'NONE', #1021, #1262, #893 ) ;
#1495 = CARTESIAN_POINT ( 'NONE',  ( 31.00000000000001421, 0.0000000000000000000, -26.99999999999996092 ) ) ;
#1496 = CARTESIAN_POINT ( 'NONE',  ( -86.39999999999996305, -2.240000000000000213, 90.10999999999999943 ) ) ;
#1497 = VERTEX_POINT ( 'NONE', #136 ) ;
#1498 = DIRECTION ( 'NONE',  ( -1.000000000000000000, -0.0000000000000000000, -0.0000000000000000000 ) ) ;
#1499 = VECTOR ( 'NONE', #1488, 1000.000000000000000 ) ;
#1500 = ORIENTED_EDGE ( 'NONE', *, *, #630, .T. ) ;
#1501 = CARTESIAN_POINT ( 'NONE',  ( -78.64999999999999147, 1.600000000000000089, -80.09999999999998010 ) ) ;
#1502 = CARTESIAN_POINT ( 'NONE',  ( 78.83000000000004093, 1.600000000000000089, 74.84000000000003183 ) ) ;
#1503 = EDGE_CURVE ( 'NONE', #331, #38, #652, .T. ) ;
#1504 = PRESENTATION_LAYER_ASSIGNMENT (  '', '', ( #1104 ) ) ;
#1505 = CARTESIAN_POINT ( 'NONE',  ( 80.00000000000001421, 1.600000000000000089, -79.99999999999997158 ) ) ;
#1506 = CARTESIAN_POINT ( 'NONE',  ( -86.39999999999996305, -1.240000000000000435, 90.10999999999999943 ) ) ;
#1507 = CYLINDRICAL_SURFACE ( 'NONE', #90, 3.000000000000002665 ) ;
#1508 = CIRCLE ( 'NONE', #1049, 2.000000000000001776 ) ;
#1509 = ADVANCED_FACE ( 'NONE', ( #523 ), #1034, .F. ) ;
#1510 = ORIENTED_EDGE ( 'NONE', *, *, #618, .T. ) ;
#1511 = CARTESIAN_POINT ( 'NONE',  ( 0.0000000000000000000, 1.600000000000000089, -46.59999999999995879 ) ) ;
#1512 = EDGE_CURVE ( 'NONE', #1294, #314, #1195, .T. ) ;
#1513 = EDGE_CURVE ( 'NONE', #1305, #956, #1171, .T. ) ;
#1514 = CARTESIAN_POINT ( 'NONE',  ( 81.00000000000002842, 12.84999999999999964, 42.40000000000003411 ) ) ;
#1515 = ORIENTED_EDGE ( 'NONE', *, *, #1165, .T. ) ;
#1516 = PLANE ( 'NONE',  #946 ) ;
#1517 = DIRECTION ( 'NONE',  ( 0.0000000000000000000, 1.000000000000000000, -0.0000000000000000000 ) ) ;
#1518 = CARTESIAN_POINT ( 'NONE',  ( 0.0000000000000000000, 0.0000000000000000000, 85.00000000000002842 ) ) ;
#1519 = EDGE_CURVE ( 'NONE', #30, #1051, #1589, .T. ) ;
#1520 = CARTESIAN_POINT ( 'NONE',  ( 76.00000000000004263, 5.000000000000000888, -44.59999999999997300 ) ) ;
#1521 = EDGE_CURVE ( 'NONE', #121, #1200, #185, .T. ) ;
#1522 = ORIENTED_EDGE ( 'NONE', *, *, #780, .F. ) ;
#1523 = DIRECTION ( 'NONE',  ( -0.0000000000000000000, -1.000000000000000000, -0.0000000000000000000 ) ) ;
#1524 = PLANE ( 'NONE',  #388 ) ;
#1525 = AXIS2_PLACEMENT_3D ( 'NONE', #1422, #1401, #389 ) ;
#1526 = AXIS2_PLACEMENT_3D ( 'NONE', #1219, #80, #1073 ) ;
#1527 = FACE_OUTER_BOUND ( 'NONE', #299, .T. ) ;
#1528 = CIRCLE ( 'NONE', #799, 3.000000000000002665 ) ;
#1529 = PLANE ( 'NONE',  #1260 ) ;
#1530 = ORIENTED_EDGE ( 'NONE', *, *, #101, .F. ) ;
#1531 = FACE_OUTER_BOUND ( 'NONE', #1196, .T. ) ;
#1532 = CARTESIAN_POINT ( 'NONE',  ( 78.83000000000002672, 0.0000000000000000000, -82.09999999999998010 ) ) ;
#1533 = CARTESIAN_POINT ( 'NONE',  ( -87.39999999999996305, 41.60999999999999233, 87.10999999999999943 ) ) ;
#1534 = AXIS2_PLACEMENT_3D ( 'NONE', #394, #1280, #889 ) ;
#1535 = DIRECTION ( 'NONE',  ( 0.0000000000000000000, 1.000000000000000000, -0.0000000000000000000 ) ) ;
#1536 = ORIENTED_EDGE ( 'NONE', *, *, #964, .T. ) ;
#1537 = ADVANCED_FACE ( 'NONE', ( #953, #812, #436, #1341, #1333, #825, #928, #305, #452 ), #702, .F. ) ;
#1538 = VECTOR ( 'NONE', #233, 1000.000000000000000 ) ;
#1539 = FACE_OUTER_BOUND ( 'NONE', #772, .T. ) ;
#1540 = CARTESIAN_POINT ( 'NONE',  ( 76.00000000000004263, 5.000000000000000888, 27.05000000000003268 ) ) ;
#1541 = DIRECTION ( 'NONE',  ( 0.0000000000000000000, 0.0000000000000000000, 1.000000000000000000 ) ) ;
#1542 = DIRECTION ( 'NONE',  ( -1.000000000000000000, 0.0000000000000000000, 0.0000000000000000000 ) ) ;
#1543 = CARTESIAN_POINT ( 'NONE',  ( 31.00000000000001421, 1.600000000000000089, 27.00000000000003197 ) ) ;
#1544 = ORIENTED_EDGE ( 'NONE', *, *, #1345, .T. ) ;
#1545 = DIRECTION ( 'NONE',  ( 1.000000000000000000, 0.0000000000000000000, 0.0000000000000000000 ) ) ;
#1546 = LINE ( 'NONE', #1326, #396 ) ;
#1547 = CARTESIAN_POINT ( 'NONE',  ( 76.00000000000002842, 5.000000000000000888, 40.40000000000003411 ) ) ;
#1548 = ORIENTED_EDGE ( 'NONE', *, *, #264, .T. ) ;
#1549 = PLANE ( 'NONE',  #943 ) ;
#1550 = FACE_OUTER_BOUND ( 'NONE', #283, .T. ) ;
#1551 = ORIENTED_EDGE ( 'NONE', *, *, #614, .F. ) ;
#1552 = CIRCLE ( 'NONE', #399, 5.000000000000004441 ) ;
#1553 = ORIENTED_EDGE ( 'NONE', *, *, #228, .T. ) ;
#1554 = VECTOR ( 'NONE', #813, 1000.000000000000000 ) ;
#1555 = ORIENTED_EDGE ( 'NONE', *, *, #448, .T. ) ;
#1556 = AXIS2_PLACEMENT_3D ( 'NONE', #201, #706, #71 ) ;
#1557 = ORIENTED_EDGE ( 'NONE', *, *, #445, .F. ) ;
#1558 = EDGE_CURVE ( 'NONE', #1336, #167, #1586, .T. ) ;
#1559 = DIRECTION ( 'NONE',  ( 1.559302000878028960E-16, 0.0000000000000000000, 1.000000000000000000 ) ) ;
#1560 = CARTESIAN_POINT ( 'NONE',  ( 71.35000000000003695, 41.60999999999999233, 90.10999999999999943 ) ) ;
#1561 = AXIS2_PLACEMENT_3D ( 'NONE', #976, #847, #1541 ) ;
#1562 = ORIENTED_EDGE ( 'NONE', *, *, #1600, .F. ) ;
#1563 = ADVANCED_FACE ( 'NONE', ( #443 ), #158, .F. ) ;
#1564 = EDGE_CURVE ( 'NONE', #314, #546, #622, .T. ) ;
#1565 = DIRECTION ( 'NONE',  ( 1.000000000000000000, 0.0000000000000000000, 0.0000000000000000000 ) ) ;
#1566 = ORIENTED_EDGE ( 'NONE', *, *, #1473, .T. ) ;
#1567 = VERTEX_POINT ( 'NONE', #43 ) ;
#1568 = ORIENTED_EDGE ( 'NONE', *, *, #738, .F. ) ;
#1569 = ORIENTED_EDGE ( 'NONE', *, *, #1635, .F. ) ;
#1570 = FACE_OUTER_BOUND ( 'NONE', #676, .T. ) ;
#1571 = ORIENTED_EDGE ( 'NONE', *, *, #862, .F. ) ;
#1572 = VERTEX_POINT ( 'NONE', #1349 ) ;
#1573 = CYLINDRICAL_SURFACE ( 'NONE', #540, 3.000000000000002665 ) ;
#1574 = SURFACE_STYLE_FILL_AREA ( #1423 ) ;
#1575 = ORIENTED_EDGE ( 'NONE', *, *, #614, .T. ) ;
#1576 = ORIENTED_EDGE ( 'NONE', *, *, #963, .T. ) ;
#1577 = ORIENTED_EDGE ( 'NONE', *, *, #1187, .T. ) ;
#1578 = DIRECTION ( 'NONE',  ( 0.0000000000000000000, 0.0000000000000000000, -1.000000000000000000 ) ) ;
#1579 = ORIENTED_EDGE ( 'NONE', *, *, #268, .T. ) ;
#1580 = ORIENTED_EDGE ( 'NONE', *, *, #174, .T. ) ;
#1581 = DIRECTION ( 'NONE',  ( 0.0000000000000000000, 0.0000000000000000000, 1.000000000000000000 ) ) ;
#1582 = DIRECTION ( 'NONE',  ( 0.0000000000000000000, 0.0000000000000000000, -1.000000000000000000 ) ) ;
#1583 = VERTEX_POINT ( 'NONE', #791 ) ;
#1584 = VECTOR ( 'NONE', #49, 1000.000000000000000 ) ;
#1585 = VERTEX_POINT ( 'NONE', #1452 ) ;
#1586 = CIRCLE ( 'NONE', #458, 3.000000000000002665 ) ;
#1587 = CARTESIAN_POINT ( 'NONE',  ( 78.50000000000001421, 5.000000000000000888, -44.59999999999997300 ) ) ;
#1588 = CYLINDRICAL_SURFACE ( 'NONE', #641, 5.000000000000004441 ) ;
#1589 = LINE ( 'NONE', #960, #1430 ) ;
#1590 = ADVANCED_FACE ( 'NONE', ( #1198 ), #1573, .F. ) ;
#1591 = AXIS2_PLACEMENT_3D ( 'NONE', #548, #1082, #60 ) ;
#1592 = DIRECTION ( 'NONE',  ( -0.0000000000000000000, -0.0000000000000000000, -1.000000000000000000 ) ) ;
#1593 = EDGE_CURVE ( 'NONE', #1113, #1362, #347, .T. ) ;
#1594 = PRODUCT ( 'Mini-ITX', 'Mini-ITX', '', ( #623 ) ) ;
#1595 = VERTEX_POINT ( 'NONE', #1089 ) ;
#1596 = ORIENTED_EDGE ( 'NONE', *, *, #1192, .F. ) ;
#1597 = DIRECTION ( 'NONE',  ( -0.0000000000000000000, -1.000000000000000000, -0.0000000000000000000 ) ) ;
#1598 = DIRECTION ( 'NONE',  ( 0.0000000000000000000, -0.0000000000000000000, -1.000000000000000000 ) ) ;
#1599 = DIRECTION ( 'NONE',  ( 0.0000000000000000000, 0.0000000000000000000, 1.000000000000000000 ) ) ;
#1600 = EDGE_CURVE ( 'NONE', #1567, #898, #1604, .T. ) ;
#1601 = ORIENTED_EDGE ( 'NONE', *, *, #589, .F. ) ;
#1602 = CARTESIAN_POINT ( 'NONE',  ( 71.35000000000003695, -1.239999999999993330, 90.10999999999999943 ) ) ;
#1603 = VECTOR ( 'NONE', #1654, 1000.000000000000000 ) ;
#1604 = LINE ( 'NONE', #1186, #267 ) ;
#1605 = VECTOR ( 'NONE', #1127, 1000.000000000000000 ) ;
#1606 = CARTESIAN_POINT ( 'NONE',  ( -86.39999999999996305, 42.60999999999999943, 90.10999999999999943 ) ) ;
#1607 = EDGE_CURVE ( 'NONE', #1328, #240, #1058, .T. ) ;
#1608 = VERTEX_POINT ( 'NONE', #1324 ) ;
#1609 = ORIENTED_EDGE ( 'NONE', *, *, #50, .F. ) ;
#1610 = DIRECTION ( 'NONE',  ( -0.0000000000000000000, 1.000000000000000000, -0.0000000000000000000 ) ) ;
#1611 = CIRCLE ( 'NONE', #811, 3.000000000000002665 ) ;
#1612 = VECTOR ( 'NONE', #1610, 1000.000000000000000 ) ;
#1613 = CARTESIAN_POINT ( 'NONE',  ( -58.99999999999998579, 1.600000000000000089, 30.00000000000003197 ) ) ;
#1614 = VECTOR ( 'NONE', #514, 1000.000000000000000 ) ;
#1615 = PLANE ( 'NONE',  #245 ) ;
#1616 = ORIENTED_EDGE ( 'NONE', *, *, #1143, .F. ) ;
#1617 = DIRECTION ( 'NONE',  ( 0.0000000000000000000, 1.000000000000000000, -0.0000000000000000000 ) ) ;
#1618 = ORIENTED_EDGE ( 'NONE', *, *, #1129, .T. ) ;
#1619 = CARTESIAN_POINT ( 'NONE',  ( 80.00000000000001421, 0.0000000000000000000, -79.99999999999997158 ) ) ;
#1620 = VECTOR ( 'NONE', #94, 1000.000000000000000 ) ;
#1621 = APPLICATION_PROTOCOL_DEFINITION ( 'draft international standard', 'automotive_design', 1998, #64 ) ;
#1622 = CARTESIAN_POINT ( 'NONE',  ( -86.39999999999996305, 42.60999999999999943, 87.10999999999999943 ) ) ;
#1623 = FACE_BOUND ( 'NONE', #1205, .T. ) ;
#1624 = EDGE_LOOP ( 'NONE', ( #1579, #1102, #1460, #1159 ) ) ;
#1625 = CARTESIAN_POINT ( 'NONE',  ( -78.64999999999999147, 1.600000000000000089, -82.09999999999998010 ) ) ;
#1626 = ORIENTED_EDGE ( 'NONE', *, *, #218, .T. ) ;
#1627 = DIRECTION ( 'NONE',  ( 0.0000000000000000000, 1.000000000000000000, -0.0000000000000000000 ) ) ;
#1628 = EDGE_CURVE ( 'NONE', #1067, #867, #168, .T. ) ;
#1629 = SURFACE_STYLE_USAGE ( .BOTH. , #841 ) ;
#1630 = AXIS2_PLACEMENT_3D ( 'NONE', #506, #266, #1296 ) ;
#1631 = DIRECTION ( 'NONE',  ( 0.0000000000000000000, -0.0000000000000000000, -1.000000000000000000 ) ) ;
#1632 = FACE_BOUND ( 'NONE', #805, .T. ) ;
#1633 = DIRECTION ( 'NONE',  ( 0.0000000000000000000, 0.0000000000000000000, 1.000000000000000000 ) ) ;
#1634 = AXIS2_PLACEMENT_3D ( 'NONE', #1613, #334, #1599 ) ;
#1635 = EDGE_CURVE ( 'NONE', #253, #785, #1135, .T. ) ;
#1636 = ORIENTED_EDGE ( 'NONE', *, *, #322, .T. ) ;
#1637 = DIRECTION ( 'NONE',  ( 0.0000000000000000000, 1.000000000000000000, -0.0000000000000000000 ) ) ;
#1638 = FACE_OUTER_BOUND ( 'NONE', #1406, .T. ) ;
#1639 = ADVANCED_FACE ( 'NONE', ( #428 ), #938, .T. ) ;
#1640 = ORIENTED_EDGE ( 'NONE', *, *, #273, .F. ) ;
#1641 = CARTESIAN_POINT ( 'NONE',  ( 31.00000000000001421, 0.0000000000000000000, 27.00000000000003197 ) ) ;
#1642 = CARTESIAN_POINT ( 'NONE',  ( 73.50000000000004263, 12.84999999999999964, -46.59999999999995879 ) ) ;
#1643 = DIRECTION ( 'NONE',  ( 0.0000000000000000000, 0.0000000000000000000, 1.000000000000000000 ) ) ;
#1644 = ADVANCED_FACE ( 'NONE', ( #52 ), #1075, .T. ) ;
#1645 = CARTESIAN_POINT ( 'NONE',  ( -58.99999999999998579, 1.600000000000000089, -23.99999999999995737 ) ) ;
#1646 = CARTESIAN_POINT ( 'NONE',  ( 0.0000000000000000000, 0.0000000000000000000, 0.0000000000000000000 ) ) ;
#1647 = VERTEX_POINT ( 'NONE', #339 ) ;
#1648 = CARTESIAN_POINT ( 'NONE',  ( 78.83000000000004093, 1.600000000000000089, 76.84000000000003183 ) ) ;
#1649 = LINE ( 'NONE', #605, #584 ) ;
#1650 =( NAMED_UNIT ( * ) PLANE_ANGLE_UNIT ( ) SI_UNIT ( $, .RADIAN. ) );
#1651 = FACE_OUTER_BOUND ( 'NONE', #1039, .T. ) ;
#1652 = DIRECTION ( 'NONE',  ( -0.0000000000000000000, 0.0000000000000000000, 1.000000000000000000 ) ) ;
#1653 = ORIENTED_EDGE ( 'NONE', *, *, #390, .T. ) ;
#1654 = DIRECTION ( 'NONE',  ( -0.0000000000000000000, 1.000000000000000000, -0.0000000000000000000 ) ) ;
#1655 = DIRECTION ( 'NONE',  ( -1.000000000000000000, 0.0000000000000000000, 1.936885946659379706E-16 ) ) ;
#1656 = EDGE_CURVE ( 'NONE', #956, #598, #73, .T. ) ;
#1657 = AXIS2_PLACEMENT_3D ( 'NONE', #505, #1028, #1295 ) ;
#1658 = DIRECTION ( 'NONE',  ( 0.0000000000000000000, 0.0000000000000000000, -1.000000000000000000 ) ) ;
#1659 = EDGE_CURVE ( 'NONE', #1092, #467, #1244, .T. ) ;
#1660 = AXIS2_PLACEMENT_3D ( 'NONE', #1321, #789, #810 ) ;
#1661 = DIRECTION ( 'NONE',  ( 0.0000000000000000000, 0.0000000000000000000, 1.000000000000000000 ) ) ;
#1662 = ORIENTED_EDGE ( 'NONE', *, *, #823, .F. ) ;
#1663 = DIRECTION ( 'NONE',  ( -0.0000000000000000000, -1.000000000000000000, -0.0000000000000000000 ) ) ;
#1664 = CARTESIAN_POINT ( 'NONE',  ( 85.00000000000001421, 1.600000000000000089, -79.99999999999994316 ) ) ;
#1665 = CARTESIAN_POINT ( 'NONE',  ( 31.00000000000001421, 1.600000000000000089, -20.99999999999995737 ) ) ;
ENDSEC;
END-ISO-10303-21;
